pokedex_number,total_points,hp,attack,defense,sp_attack,sp_defense,speed,normal,fire,water,electric,grass,ice,fight,poison,ground,flying,psychic,bug,rock,ghost,dragon,dark,steel,fairy
296,237,72,60,30,20,30,25,1,0.5,1,1,1,0.5,1,1,1,2,2,0.5,0.5,1,1,0.5,1,2
467,540,75,95,67,125,95,83,1,0.5,2,1,0.5,0.5,1,1,2,1,1,0.5,2,1,1,1,0.5,0.5
675,495,95,124,78,69,71,58,1,1,1,1,1,1,2,1,1,2,0,1,0.5,0.5,1,0.25,1,4
691,494,65,75,90,97,123,44,1,0.5,0.5,0.5,0.25,2,0.5,0.5,2,1,2,0.5,1,1,2,1,1,1
829,250,40,40,60,40,60,10,1,2,0.5,0.5,0.5,2,1,2,0.5,2,1,2,1,1,1,1,1,1
125,490,65,83,57,95,85,105,1,1,1,0.5,1,1,1,1,2,0.5,1,1,1,1,1,1,0.5,1
451,330,40,50,90,30,55,65,1,2,1,1,0.25,1,0.25,0.5,1,2,2,0.5,2,1,1,1,1,0.5
800,600,97,107,101,127,89,79,1,1,1,1,1,1,0.5,1,1,1,0.5,1.5,1,1.5,1,1.5,1,1
853,480,80,118,90,70,80,42,1,1,1,1,1,1,1,1,1,2,2,0.5,0.5,1,1,0.5,1,2
666,411,80,52,50,90,50,89,1,2,1,2,0.25,2,0.25,1,0,2,1,0.5,4,1,1,1,1,1
870,470,65,100,100,70,60,75,1,1,1,1,1,1,1,1,1,2,2,0.5,0.5,1,1,0.5,1,2
124,455,65,50,35,115,95,95,1,2,1,1,1,0.5,1,1,1,1,0.5,2,2,2,1,2,2,1
447,285,40,70,40,35,40,60,1,1,1,1,1,1,1,1,1,2,2,0.5,0.5,1,1,0.5,1,2
591,464,114,85,70,85,80,30,1,2,0.5,0.5,0.25,2,0.5,1,1,2,2,1,1,1,1,1,1,0.5
307,280,30,40,55,40,55,60,1,1,1,1,1,1,0.5,1,1,2,1,1,0.5,2,1,1,1,2
475,518,68,125,65,65,115,80,1,1,1,1,1,1,0.5,1,1,2,1,1,0.5,2,1,1,1,2
574,290,45,30,50,55,65,45,1,1,1,1,1,1,0.5,1,1,1,0.5,2,1,2,1,2,1,1
613,305,55,70,40,60,40,40,1,2,1,1,1,0.5,2,1,1,1,1,1,2,1,1,1,2,1
718,600,108,100,121,81,95,95,1,0.5,1,0,1,4,1,0.5,1,1,1,1,0.5,1,2,1,1,2
30,365,70,62,67,55,55,56,1,1,1,1,0.5,1,0.5,0.5,2,1,2,0.5,1,1,1,1,1,0.5
169,535,85,90,80,70,80,130,1,1,1,2,0.25,2,0.25,0.5,0,1,2,0.25,2,1,1,1,1,0.5
205,465,75,90,140,60,60,40,0.5,4,1,1,0.25,0.5,1,0,1,1,0.5,0.5,1,1,0.5,1,0.5,0.5
334,490,75,70,90,70,105,80,1,0.5,0.5,1,0.25,4,0.5,1,0,1,1,0.5,2,1,2,1,1,2
544,360,40,55,99,40,79,47,1,2,1,1,0.25,1,0.25,0.5,1,2,2,0.5,2,1,1,1,1,0.5
577,290,45,30,40,105,50,20,1,1,1,1,1,1,0.5,1,1,1,0.5,2,1,2,1,2,1,1
581,473,75,87,63,87,63,98,1,0.5,0.5,4,1,1,0.5,1,0,1,1,0.5,2,1,1,1,0.5,1
740,478,97,132,77,62,67,43,1,2,1,1,1,0.5,2,1,1,2,2,0.5,1,1,1,0.5,2,2
747,305,50,53,62,43,52,45,1,0.5,0.5,2,1,0.5,0.5,0.5,2,1,2,0.5,1,1,1,1,0.5,0.5
272,480,80,70,70,90,100,70,1,1,0.25,1,1,1,1,2,0.5,2,1,2,1,1,1,1,0.5,1
442,485,50,92,108,92,108,35,0,1,1,1,1,1,0,0.5,1,1,0,1,1,1,1,1,1,2
462,535,70,70,115,130,90,60,0.5,2,1,0.5,0.5,0.5,2,0,4,0.25,0.5,0.5,0.5,1,0.5,1,0.25,0.5
470,525,65,110,130,60,65,95,1,2,0.5,0.5,0.5,2,1,2,0.5,2,1,2,1,1,1,1,1,1
647,580,91,72,90,129,90,108,1,0.5,0.5,2,2,0.5,1,1,1,2,2,0.5,0.5,1,1,0.5,0.5,2
711,494,65,90,122,58,75,84,0,2,0.5,0.5,0.5,2,0,1,0.5,2,1,1,1,2,1,2,1,1
743,464,60,55,60,95,70,124,1,2,1,1,0.5,1,0.25,2,0.5,2,1,0.5,2,1,0,0.5,2,1
88,325,80,80,50,40,50,25,1,1,1,1,0.5,1,0.5,0.5,2,1,2,0.5,1,1,1,1,1,0.5
232,500,90,120,120,60,60,50,1,1,2,0,2,2,1,0.5,1,1,1,1,0.5,1,1,1,1,1
234,465,73,95,62,85,65,85,1,1,1,1,1,1,2,1,1,1,1,1,1,0,1,1,1,1
282,518,68,65,65,125,115,80,1,1,1,1,1,1,0.25,2,1,1,0.5,1,1,2,0,1,2,1
383,670,100,150,140,100,90,90,1,1,2,0,2,2,1,0.5,1,1,1,1,0.5,1,1,1,1,1
448,525,70,110,70,115,70,90,0.5,2,1,1,0.5,0.5,2,0,2,1,1,0.25,0.25,1,0.5,0.5,0.5,1
700,525,95,65,65,110,130,60,1,1,1,1,1,1,0.5,2,1,1,1,0.5,1,1,0,0.5,2,1
155,309,39,52,43,60,50,65,1,0.5,2,1,0.5,0.5,1,1,2,1,1,0.5,2,1,1,1,0.5,0.5
483,680,100,120,120,150,100,90,0.5,1,0.5,0.5,0.25,1,2,0,2,0.5,0.5,0.5,0.5,1,1,1,0.5,1
635,600,92,105,90,125,90,98,1,0.5,0.5,0.5,0.5,2,2,1,0,1,0,2,1,0.5,2,0.5,1,4
851,525,100,115,65,90,90,65,1,0,2,1,0.25,0.5,0.5,1,1,2,1,0.5,4,1,1,1,0.5,0.5
862,520,93,90,101,60,81,95,1,1,1,1,1,1,4,1,1,1,0,2,1,0,1,0.5,1,2
886,410,68,80,50,60,50,102,0,0.5,0.5,0.5,0.5,2,0,0.5,1,1,1,0.5,1,2,2,2,1,2
132,288,48,48,48,48,48,48,1,1,1,1,1,1,2,1,1,1,1,1,1,0,1,1,1,1
154,525,80,82,100,83,100,80,1,2,0.5,0.5,0.5,2,1,2,0.5,2,1,2,1,1,1,1,1,1
317,467,100,73,83,73,83,55,1,1,1,1,0.5,1,0.5,0.5,2,1,2,0.5,1,1,1,1,1,0.5
714,245,40,30,35,45,40,55,1,0.5,0.5,1,0.25,4,0.5,1,0,1,1,0.5,2,1,2,1,1,2
727,530,95,115,90,80,90,60,1,0.5,2,1,0.5,0.5,2,1,2,1,0,1,2,0.5,1,0.5,0.5,1
200,435,60,60,60,85,85,85,0,1,1,1,1,1,0,0.5,0,1,1,0.5,1,2,1,2,1,1
388,405,75,89,85,55,65,36,1,2,0.5,0.5,0.5,2,1,2,0.5,2,1,2,1,1,1,1,1,1
428,480,65,76,84,54,96,105,1,1,1,1,1,1,2,1,1,1,1,1,1,0,1,1,1,1
495,308,45,45,55,45,55,63,1,2,0.5,0.5,0.5,2,1,2,0.5,2,1,2,1,1,1,1,1,1
521,488,80,115,80,65,55,93,1,1,1,2,0.5,2,1,1,0,1,1,0.5,2,0,1,1,1,1
625,490,65,125,100,60,70,70,0.5,2,1,1,0.5,0.5,4,0,2,0.5,0,1,0.5,0.5,0.5,0.5,0.5,1
9,530,79,83,100,85,105,78,1,0.5,0.5,2,2,0.5,1,1,1,1,1,1,1,1,1,1,0.5,1
101,490,60,50,70,80,80,150,1,1,1,0.5,1,1,1,1,2,0.5,1,1,1,1,1,1,0.5,1
672,350,66,65,48,62,57,52,1,2,0.5,0.5,0,2,1,2,0.5,2,1,2,1,1,1,1,1,1
854,308,40,45,45,74,54,50,0,1,1,1,1,1,0,0.5,1,1,1,0.5,1,2,1,2,1,1
279,440,60,50,100,95,70,65,1,0.5,0.5,4,1,1,0.5,1,0,1,1,0.5,2,1,1,1,0.5,1
415,244,30,30,42,30,42,70,1,2,1,2,0.25,2,0.25,1,0,2,1,0.5,4,1,1,1,1,1
422,325,76,48,48,57,62,34,1,0.5,0.5,2,2,0.5,1,1,1,1,1,1,1,1,1,1,0.5,1
433,285,45,30,50,65,50,45,1,1,1,1,1,1,0.5,1,0,1,0.5,2,1,2,1,2,1,1
543,260,30,45,59,30,39,57,1,2,1,1,0.25,1,0.25,0.5,1,2,2,0.5,2,1,1,1,1,0.5
595,319,50,47,50,57,50,65,1,2,1,0.5,0.5,1,0.5,1,1,1,1,1,2,1,1,1,0.5,1
685,480,82,80,86,85,75,72,1,1,1,1,1,1,0.5,2,1,1,1,0.5,1,1,0,0.5,2,1
32,273,46,57,40,40,40,50,1,1,1,1,0.5,1,0.5,0.5,2,1,2,0.5,1,1,1,1,1,0.5
138,355,35,40,100,90,55,35,0.5,0.25,1,2,4,0.5,2,0.5,2,0.5,1,1,1,1,1,1,1,1
323,460,70,100,70,105,75,40,1,0.5,4,0,1,1,1,0.5,2,1,1,0.5,1,1,1,1,0.5,0.5
351,420,70,70,70,70,70,70,1,1,1,1,1,1,2,1,1,1,1,1,1,0,1,1,1,1
361,300,50,50,50,50,50,50,1,2,1,1,1,0.5,2,1,1,1,1,1,2,1,1,1,2,1
387,318,55,68,64,45,55,31,1,2,0.5,0.5,0.5,2,1,2,0.5,2,1,2,1,1,1,1,1,1
823,495,98,87,105,53,85,67,0.5,2,1,2,0.25,1,1,0,0,0.5,0.5,0.25,1,1,0.5,1,0.5,0.5
65,500,55,50,45,135,95,120,1,1,1,1,1,1,0.5,1,1,1,0.5,2,1,2,1,2,1,1
73,515,80,70,65,80,120,100,1,0.5,0.5,2,1,0.5,0.5,0.5,2,1,2,0.5,1,1,1,1,0.5,0.5
309,295,40,45,40,65,40,65,1,1,1,0.5,1,1,1,1,2,0.5,1,1,1,1,1,1,0.5,1
419,495,85,105,55,85,50,115,1,0.5,0.5,2,2,0.5,1,1,1,1,1,1,1,1,1,1,0.5,1
703,500,50,50,150,50,150,50,0.5,0.5,2,1,2,1,1,1,2,0.5,1,0.5,1,1,0,0.5,4,1
724,530,78,107,75,100,100,70,0,2,0.5,0.5,0.5,2,0,1,0.5,2,1,1,1,2,1,2,1,1
788,570,70,75,115,95,130,85,1,0.5,0.5,2,2,0.5,0.5,2,1,1,1,0.5,1,1,0,0.5,1,1
836,490,69,90,60,90,60,121,1,1,1,0.5,1,1,1,1,2,0.5,1,1,1,1,1,1,0.5,1
112,485,105,130,120,45,45,40,0.5,0.5,4,0,4,2,2,0.25,2,0.5,1,1,0.5,1,1,1,2,1
424,482,75,100,66,60,66,115,1,1,1,1,1,1,2,1,1,1,1,1,1,0,1,1,1,1
534,505,105,140,95,55,65,45,1,1,1,1,1,1,1,1,1,2,2,0.5,0.5,1,1,0.5,1,2
586,475,80,100,70,60,70,95,1,2,0.5,0.5,0.5,2,2,2,0.5,2,1,2,1,0,1,1,1,1
863,440,70,110,100,50,60,50,0.5,2,1,1,0.5,0.5,2,0,2,0.5,0.5,0.5,0.5,1,0.5,1,0.5,0.5
434,329,63,63,47,41,41,74,1,1,1,1,0.5,1,1,0.5,2,1,0,1,1,0.5,1,0.5,1,1
468,545,85,50,95,120,115,80,1,1,1,2,0.5,2,0.25,2,0,1,1,0.25,2,1,0,0.5,2,1
626,490,95,110,95,40,95,55,1,1,1,1,1,1,2,1,1,1,1,1,1,0,1,1,1,1
686,288,53,54,53,37,46,45,1,1,1,1,1,1,1,1,1,1,0,4,1,1,1,1,1,2
890,690,140,85,95,145,95,130,1,0.5,0.5,0.5,0.25,2,0.5,0.5,2,1,2,0.5,1,1,2,1,1,1
87,475,90,70,80,70,95,70,1,0.5,0.5,2,2,0.125,2,1,1,1,1,1,2,1,1,1,1,1
308,410,60,60,75,60,75,80,1,1,1,1,1,1,0.5,1,1,2,1,1,0.5,2,1,1,1,2
348,495,75,125,100,70,80,45,0.5,1,2,1,1,1,1,0.5,1,1,1,1,2,1,1,1,2,1
356,455,40,70,130,60,130,25,0,1,1,1,1,1,0,0.5,1,1,1,0.5,1,2,1,2,1,1
459,334,60,62,50,62,60,40,1,4,0.5,0.5,0.5,1,2,2,0.5,2,1,2,2,1,1,1,2,1
512,498,75,98,63,98,63,101,1,2,0.5,0.5,0.5,2,1,2,0.5,2,1,2,1,1,1,1,1,1
710,335,49,66,70,44,55,51,0,2,0.5,0.5,0.5,2,0,1,0.5,2,1,1,1,2,1,2,1,1
53,440,65,70,60,65,65,115,1,1,1,1,1,1,2,1,1,1,1,1,1,0,1,1,1,1
446,390,135,85,40,40,85,5,1,1,1,1,1,1,2,1,1,1,1,1,1,0,1,1,1,1
478,480,70,80,70,80,70,110,0,2,1,1,1,0.5,0,0.5,1,1,1,0.5,2,2,1,2,2,1
541,380,55,63,90,50,80,42,1,4,0.5,0.5,0.25,2,0.5,2,0.25,4,1,2,2,1,1,1,1,1
48,305,60,55,50,40,55,45,1,2,1,1,0.25,1,0.25,0.5,1,2,2,0.5,2,1,1,1,1,0.5
113,450,250,5,5,35,105,50,1,1,1,1,1,1,2,1,1,1,1,1,1,0,1,1,1,1
406,280,40,30,35,50,70,55,1,2,0.5,0.5,0.25,2,0.5,1,1,2,2,1,1,1,1,1,1,0.5
432,452,71,82,64,64,59,112,1,0.5,1,1,1,0.5,2,1,1,1,1,1,1,0,1,1,1,1
584,535,71,95,85,110,95,79,1,2,1,1,1,0.5,2,1,1,1,1,1,2,1,1,1,2,1
443,300,58,70,45,40,45,42,1,0.5,1,0,1,4,1,0.5,1,1,1,1,0.5,1,2,1,1,2
652,530,88,107,122,74,75,64,1,2,0.5,0.5,0.5,2,1,2,0.5,4,2,1,0.5,1,1,0.5,1,2
786,570,70,85,75,130,115,95,1,1,1,1,1,1,0.25,2,1,1,0.5,1,1,2,0,1,2,1
880,505,90,100,90,80,70,75,1,0.5,0.5,0,0.5,2,1,1,2,0.5,1,1,1,1,2,1,0.5,2
133,325,55,55,50,45,65,55,1,1,1,1,1,1,2,1,1,1,1,1,1,0,1,1,1,1
874,470,100,125,135,20,20,70,0.5,0.5,2,1,2,1,2,0.5,2,0.5,1,1,1,1,1,1,2,1
878,330,72,80,49,40,49,40,0.5,2,1,1,0.5,0.5,2,0,2,0.5,0.5,0.5,0.5,1,0.5,1,0.5,0.5
28,450,75,100,110,45,55,65,1,1,2,0,2,2,1,0.5,1,1,1,1,0.5,1,1,1,1,1
287,280,60,60,60,35,35,30,1,1,1,1,1,1,2,1,1,1,1,1,1,0,1,1,1,1
365,530,110,80,90,95,90,65,1,0.5,0.5,2,2,0.125,2,1,1,1,1,1,2,1,1,1,1,1
389,525,95,109,105,75,85,56,1,2,1,0,1,4,1,1,0.5,2,1,2,0.5,1,1,1,1,1
425,348,90,50,34,60,44,70,0,1,1,2,0.5,2,0,0.5,0,1,1,0.25,2,2,1,2,1,1
524,280,55,75,85,25,25,15,0.5,0.5,2,1,2,1,2,0.5,2,0.5,1,1,1,1,1,1,2,1
670,371,54,45,47,75,98,52,1,1,1,1,1,1,0.5,2,1,1,1,0.5,1,1,0,0.5,2,1
737,400,57,82,95,55,75,36,1,2,1,0.5,0.5,1,0.5,1,1,1,1,1,2,1,1,1,0.5,1
789,200,43,29,31,29,31,37,1,1,1,1,1,1,0.5,1,1,1,0.5,2,1,2,1,2,1,1
162,415,85,76,64,45,55,90,1,1,1,1,1,1,2,1,1,1,1,1,1,0,1,1,1,1
139,495,70,60,125,115,70,55,0.5,0.25,1,2,4,0.5,2,0.5,2,0.5,1,1,1,1,1,1,1,1
146,580,90,100,90,125,85,90,1,0.5,2,2,0.25,1,0.5,1,0,1,1,0.25,4,1,1,1,0.5,0.5
250,680,106,130,90,110,154,90,1,0.5,2,2,0.25,1,0.5,1,0,1,1,0.25,4,1,1,1,0.5,0.5
310,475,70,75,60,105,60,105,1,1,1,0.5,1,1,1,1,2,0.5,1,1,1,1,1,1,0.5,1
352,440,60,90,70,60,120,40,1,1,1,1,1,1,2,1,1,1,1,1,1,0,1,1,1,1
379,580,80,75,150,75,150,50,0.5,2,1,1,0.5,0.5,2,0,2,0.5,0.5,0.5,0.5,1,0.5,1,0.5,0.5
559,348,50,75,70,35,70,48,1,1,1,1,1,1,2,1,1,2,0,1,0.5,0.5,1,0.25,1,4
782,300,45,55,65,45,45,45,1,0.5,0.5,0.5,0.5,2,1,1,1,1,1,1,1,1,2,1,1,2
160,530,85,105,100,79,83,78,1,0.5,0.5,2,2,0.5,1,1,1,1,1,1,1,1,1,1,0.5,1
695,481,62,55,52,109,94,109,1,1.25,0,0.5,1,1,2,1,2,0.5,1,1,1,0,1,1,0.5,1
12,395,60,45,50,90,80,70,1,2,1,2,0.25,2,0.25,1,0,2,1,0.5,4,1,1,1,1,1
258,310,50,70,50,50,50,40,1,0.5,0.5,2,2,0.5,1,1,1,1,1,1,1,1,1,1,0.5,1
479,440,50,50,77,95,77,91,0,1,1,0.5,1,1,0,0.5,0,0.5,1,0.5,1,2,1,2,0.5,1
692,330,50,53,62,58,63,44,1,0.5,0.5,2,2,0.5,1,1,1,1,1,1,1,1,1,1,0.5,1
787,570,70,130,115,85,95,75,1,2,0.5,0.5,0.5,2,0.5,4,0.5,2,1,1,1,1,0,0.5,2,1
796,570,83,89,71,173,71,83,1,1,1,0.5,1,1,1,1,2,0.5,1,1,1,1,1,1,0.5,1
98,325,30,105,90,25,25,50,1,0.5,0.5,2,2,0.5,1,1,1,1,1,1,1,1,1,1,0.5,1
184,420,100,50,80,60,80,50,1,0.25,0.5,2,2,0.25,0.5,2,1,1,1,0.5,1,1,0,0.5,1,1
203,455,70,80,65,90,65,85,1,1,1,1,1,1,1,1,1,1,0.5,2,1,0,1,2,1,1
570,330,40,65,40,80,40,65,1,1,1,1,1,1,2,1,1,1,0,2,1,0.5,1,0.5,1,2
888,720,92,170,115,80,115,148,0.5,2,1,1,0.5,0.5,1,0,2,0.5,0.5,0.25,0.5,1,0,0.5,1,0.5
52,290,40,45,35,40,40,90,1,1,1,1,1,1,2,1,1,1,1,1,1,0,1,1,1,1
199,490,95,75,80,100,110,30,1,0.5,0.5,2,2,0.5,0.5,1,1,1,0.5,2,1,2,1,2,0.5,1
343,300,40,40,55,40,70,55,1,1,2,0,2,2,0.5,0.5,0,1,0.5,2,0.5,2,1,2,1,1
423,475,111,83,68,92,82,39,1,0.5,1,0,4,1,1,0.5,1,1,1,1,0.5,1,1,1,0.5,1
539,465,75,125,75,30,75,85,1,1,1,1,1,1,1,1,1,2,2,0.5,0.5,1,1,0.5,1,2
628,510,100,123,75,57,75,80,1,1,1,2,0.5,2,1,1,0,1,1,0.5,2,0,1,1,1,1
636,360,55,85,55,50,55,60,1,1,2,1,0.25,0.5,0.5,1,1,2,1,0.5,4,1,1,1,0.5,0.5
808,300,46,65,65,55,35,34,0.5,2,1,1,0.5,0.5,2,0,2,0.5,0.5,0.5,0.5,1,0.5,1,0.5,0.5
813,310,50,71,40,40,40,69,1,0.5,2,1,0.5,0.5,1,1,2,1,1,0.5,2,1,1,1,0.5,0.5
843,315,52,57,75,35,50,46,1,1,2,0,2,2,1,0.5,1,1,1,1,0.5,1,1,1,1,1
856,265,42,30,45,56,53,39,1,1,1,1,1,1,0.5,1,1,1,0.5,2,1,2,1,2,1,1
61,385,65,65,65,50,50,90,1,0.5,0,2,2,0.5,1,1,1,1,1,1,1,1,1,1,0.5,1
93,405,45,50,45,115,55,95,0,1,1,1,0.5,1,0,0.25,0,1,2,0.25,1,2,1,2,1,0.5
663,499,78,81,71,74,69,126,1,0.5,2,2,0.25,1,0.5,1,0,1,1,0.25,4,1,1,1,0.5,0.5
730,530,80,74,74,126,116,60,1,0.5,0.5,2,2,0.5,0.5,2,1,1,1,0.5,1,1,0,0.5,1,1
556,461,75,86,67,106,67,60,1,2,0,0.5,0.5,2,1,2,0.5,2,1,2,1,1,1,1,1,1
597,305,44,50,91,24,86,10,0.5,4,0.5,0.5,0.25,1,2,0,1,1,0.5,1,0.5,1,0.5,1,0.5,0.5
712,304,55,69,85,32,35,28,1,2,1,1,1,0.5,2,1,1,1,1,1,2,1,1,1,2,1
251,600,100,100,100,100,100,100,1,2,0.5,0.5,0.5,2,0.5,2,0.5,2,0.5,4,1,2,1,2,1,1
488,600,120,70,120,75,130,85,1,1,1,1,1,1,0.5,1,0,1,0.5,2,1,2,1,2,1,1
634,420,72,85,70,65,70,58,1,0.5,0.5,0.5,0.5,2,2,1,1,1,0,2,1,0.5,2,0.5,1,4
644,680,100,150,120,120,100,90,1,0.5,0.5,0.25,0.5,2,1,1,2,0.5,1,1,1,1,2,1,0.5,2
742,304,40,45,40,55,40,84,1,2,1,1,0.5,1,0.25,2,0.5,2,1,0.5,2,1,0,0.5,2,1
27,300,50,75,85,20,30,40,1,1,2,0,2,2,1,0.5,1,1,1,1,0.5,1,1,1,1,1
171,460,125,58,58,76,76,67,1,0.5,0.5,0,2,0.5,1,1,2,0.5,1,1,1,1,1,1,0.25,1
183,250,70,20,50,20,50,40,1,0.25,0.5,2,2,0.25,0.5,2,1,1,1,0.5,1,1,0,0.5,1,1
807,600,88,112,75,102,80,143,1,1,1,0,1,1,1,1,2,0.5,1,1,1,1,1,1,0.5,1
868,270,45,40,40,50,61,34,1,1,1,1,1,1,0.5,2,1,1,1,0.5,1,1,0,0.5,2,1
37,299,38,41,40,50,65,65,1,0,2,1,0.5,0.5,1,1,2,1,1,0.5,2,1,1,1,0.5,0.5
187,250,35,35,40,35,55,50,1,2,0.5,1,0.25,4,0.5,2,0,2,1,1,2,1,1,1,1,1
441,411,76,65,45,92,42,91,1,1,1,2,0.5,2,1,1,0,1,1,0.5,2,0,1,1,1,1
60,300,40,50,40,40,40,90,1,0.5,0,2,2,0.5,1,1,1,1,1,1,1,1,1,1,0.5,1
69,300,50,75,35,70,30,40,1,2,0.5,0.5,0.25,2,0.5,1,1,2,2,1,1,1,1,1,1,0.5
410,350,30,42,118,42,88,30,0.25,1,2,1,1,0.5,4,0,4,0.25,0.5,0.5,0.5,1,0.5,1,1,0.5
13,195,40,35,30,20,20,50,1,2,1,1,0.25,1,0.25,0.5,1,2,2,0.5,2,1,1,1,1,0.5
188,340,55,45,50,45,65,80,1,2,0.5,1,0.25,4,0.5,2,0,2,1,1,2,1,1,1,1,1
276,270,40,55,30,30,30,85,1,1,1,2,0.5,2,1,1,0,1,1,0.5,2,0,1,1,1,1
298,190,50,20,40,20,40,20,1,0.5,1,1,1,0.5,1,2,1,1,1,0.5,1,0,0,0.5,2,1
528,425,67,57,55,77,55,114,1,1,1,2,0.5,2,0.25,1,0,1,0.5,1,2,2,1,2,1,1
749,385,70,100,70,45,55,45,1,1,2,0,2,2,1,0.5,1,1,1,1,0.5,1,1,1,1,1
195,430,95,85,85,65,65,35,1,0.5,1,0,4,1,1,0.5,1,1,1,1,0.5,1,1,1,0.5,1
223,300,35,65,35,65,35,65,1,0.5,0.5,2,2,0.5,1,1,1,1,1,1,1,1,1,1,0.5,1
458,345,45,20,50,60,120,50,1,0.5,0.5,4,1,1,0.5,1,0,1,1,0.5,2,1,1,1,0.5,1
466,540,75,123,67,95,85,95,1,1,1,0,1,1,1,1,2,0.5,1,1,1,1,1,1,0.5,1
568,329,50,50,62,40,62,65,1,1,1,1,0.5,1,0.5,0.5,2,1,2,0.5,1,1,1,1,1,0.5
594,470,165,75,80,40,45,65,1,0.5,0.5,2,2,0.5,1,1,1,1,1,1,1,1,1,1,0.5,1
629,370,70,55,75,45,65,60,1,1,1,2,0.5,2,1,1,0,1,0,1,2,0.5,1,0.5,1,2
697,521,82,121,119,69,59,71,0.5,0.25,1,0.5,1,2,2,0.5,2,0.5,1,1,1,1,2,1,2,2
24,0,60,95,69,65,79,80,1,1,1,1,0.5,1,0.5,0.5,2,1,2,0.5,1,1,1,1,1,0.5
107,455,50,105,79,35,110,76,1,1,1,1,1,1,1,1,1,2,2,0.5,0.5,1,1,0.5,1,2
110,490,65,90,120,85,70,60,1,1,1,1,0.5,1,0.5,0.5,0,1,2,0.5,1,1,1,1,1,0.5
372,420,65,95,100,60,50,50,1,0.5,0.5,0.5,0.5,2,1,1,1,1,1,1,1,1,2,1,1,2
554,315,70,90,45,15,45,50,1,0.5,2,1,0.5,0.5,1,1,2,1,1,0.5,2,1,1,1,0.5,0.5
565,495,74,108,133,83,65,32,0.5,0.25,1,1.5,3,0.5,1.5,0.5,1.5,0.5,1,1,1,1,1,1,1,1
726,420,65,85,50,80,50,90,1,0.5,2,1,0.5,0.5,1,1,2,1,1,0.5,2,1,1,1,0.5,0.5
785,570,70,115,85,95,75,130,1,1,1,0.5,1,1,0.5,2,2,0.5,1,0.5,1,1,0,0.5,1,1
824,180,25,20,20,25,45,45,1,2,1,1,0.5,1,0.5,1,0.5,2,1,1,2,1,1,1,1,1
390,309,44,58,44,58,44,61,1,0.5,2,1,0.5,0.5,1,1,2,1,1,0.5,2,1,1,1,0.5,0.5
92,310,30,35,30,100,35,80,0,1,1,1,0.5,1,0,0.25,0,1,2,0.25,1,2,1,2,1,0.5
214,500,80,125,75,40,95,85,1,2,1,1,0.5,1,0.5,1,0.5,4,2,0.5,1,1,1,0.5,1,2
527,323,65,45,43,55,43,72,1,1,1,2,0.5,2,0.25,1,0,1,0.5,1,2,2,1,2,1,1
560,488,65,90,115,45,115,58,1,1,1,1,1,1,2,1,1,2,0,1,0.5,0.5,1,0.25,1,4
656,314,41,56,40,62,44,71,1,0.5,0.5,2,2,0.5,1,1,1,1,1,1,1,1,1,1,0.5,1
31,505,90,92,87,75,85,76,1,1,2,0,1,2,0.5,0.25,2,1,2,0.5,0.5,1,1,1,1,0.5
67,405,80,100,70,50,60,45,1,1,1,1,1,1,1,1,1,2,2,0.5,0.5,1,1,0.5,1,2
179,280,55,40,40,65,45,35,1,1,1,0.5,1,1,1,1,2,0.5,1,1,1,1,1,1,0.5,1
267,395,60,70,50,100,50,65,1,2,1,2,0.25,2,0.25,1,0,2,1,0.5,4,1,1,1,1,1
573,470,75,95,60,65,60,115,1,1,1,1,1,1,2,1,1,1,1,1,1,0,1,1,1,1
609,520,60,55,90,145,90,80,0,0,2,1,0.5,0.5,0,0.5,2,1,1,0.25,2,2,1,2,0.5,0.5
850,305,50,65,45,50,50,45,1,0,2,1,0.25,0.5,0.5,1,1,2,1,0.5,4,1,1,1,0.5,0.5
75,390,55,95,115,45,45,35,0.5,0.5,4,0,4,2,2,0.25,2,0.5,1,1,0.5,1,1,1,2,1
284,454,70,60,62,100,82,80,1,2,1,2,0.25,2,0.25,1,0,2,1,0.5,4,1,1,1,1,1
408,350,67,125,40,30,30,58,0.5,0.5,2,1,2,1,2,0.5,2,0.5,1,1,1,1,1,1,2,1
440,220,100,5,5,15,65,30,1,1,1,1,1,1,2,1,1,1,1,1,1,0,1,1,1,1
520,358,62,77,62,50,42,65,1,1,1,2,0.5,2,1,1,0,1,1,0.5,2,0,1,1,1,1
826,505,60,45,110,80,120,90,1,2,1,1,0.5,1,0.25,1,0.5,2,0.5,2,2,2,1,2,1,1
202,405,190,33,58,33,58,33,1,1,1,1,1,1,0.5,1,1,1,0.5,2,1,2,1,2,1,1
248,600,100,134,110,95,100,61,0.5,0.5,2,1,2,1,4,0.5,2,0.5,0,2,1,0.5,1,0.5,2,2
327,360,60,60,60,60,60,60,1,1,1,1,1,1,2,1,1,1,1,1,1,0,1,1,1,1
484,680,90,120,100,150,120,100,1,0.25,0.25,1,1,1,1,1,1,1,1,1,1,1,2,1,0.5,2
825,335,50,35,80,50,90,30,1,2,1,1,0.5,1,0.25,1,0.5,2,0.5,2,2,2,1,2,1,1
81,325,25,35,70,95,55,45,0.5,2,1,0.5,0.5,0.5,2,0,4,0.25,0.5,0.5,0.5,1,0.5,1,0.25,0.5
221,450,100,100,80,60,60,50,1,2,2,0,2,1,2,0.5,1,1,1,1,1,1,1,1,2,1
320,400,130,70,35,70,35,60,1,0.5,0.5,2,2,0.5,1,1,1,1,1,1,1,1,1,1,0.5,1
610,320,46,87,60,30,40,57,1,0.5,0.5,0.5,0.5,2,1,1,1,1,1,1,1,1,2,1,1,2
804,540,73,73,73,127,73,121,1,0.5,0.5,0.5,0.25,2,0.5,0.5,2,1,2,0.5,1,1,2,1,1,1
300,260,50,45,45,35,35,50,1,1,1,1,1,1,2,1,1,1,1,1,1,0,1,1,1,1
503,528,95,100,85,108,70,70,1,0.5,0.5,2,2,0.5,1,1,1,1,1,1,1,1,1,1,0.5,1
633,300,52,65,50,45,50,38,1,0.5,0.5,0.5,0.5,2,2,1,1,1,0,2,1,0.5,2,0.5,1,4
873,475,70,65,60,125,90,65,1,4,1,1,0.5,0.5,1,1,0.5,2,1,1,4,1,1,1,2,1
34,505,81,102,77,85,75,85,1,1,2,0,1,2,0.5,0.25,2,1,2,0.5,0.5,1,1,1,1,0.5
273,220,40,40,50,30,30,30,1,2,0.5,0.5,0.5,2,1,2,0.5,2,1,2,1,1,1,1,1,1
401,194,37,25,41,25,41,25,1,2,1,1,0.5,1,0.5,1,0.5,2,1,1,2,1,1,1,1,1
421,450,70,60,70,87,78,85,1,2,0.5,0.5,0.5,2,1,2,0.5,2,1,2,1,1,1,1,1,1
15,395,65,90,40,45,80,75,1,2,1,1,0.25,1,0.25,0.5,1,2,2,0.5,2,1,1,1,1,0.5
163,262,60,30,30,36,56,50,1,1,1,2,0.5,2,1,1,0,1,1,0.5,2,0,1,1,1,1
797,570,97,101,103,107,101,61,0.5,2,1,2,0.25,1,1,0,0,0.5,0.5,0.25,1,1,0.5,1,0.5,0.5
815,530,80,116,75,65,75,119,1,0.5,2,1,0.5,0.5,1,1,2,1,1,0.5,2,1,1,1,0.5,0.5
6,534,78,84,78,109,85,100,1,0.5,2,2,0.25,1,0.5,1,0,1,1,0.25,4,1,1,1,0.5,0.5
100,330,40,30,50,55,55,100,1,1,1,0.5,1,1,1,1,2,0.5,1,1,1,1,1,1,0.5,1
359,465,65,130,60,75,60,75,1,1,1,1,1,1,2,1,1,1,0,2,1,0.5,1,0.5,1,2
481,580,80,105,105,105,105,80,1,1,1,1,1,1,0.5,1,0,1,0.5,2,1,2,1,2,1,1
523,497,75,100,63,80,63,116,1,1,1,0,1,1,1,1,2,0.5,1,1,1,1,1,1,0.5,1
476,525,60,55,145,75,150,40,0.25,1,2,1,1,0.5,4,0,4,0.25,0.5,0.5,0.5,1,0.5,1,1,0.5
617,495,80,70,40,100,60,145,1,2,1,1,0.5,1,0.5,1,0.5,2,1,1,2,1,1,1,1,1
174,210,90,30,15,40,20,15,1,1,1,1,1,1,1,2,1,1,1,0.5,1,0,0,0.5,2,1
206,415,100,70,70,65,65,45,1,1,1,1,1,1,2,1,1,1,1,1,1,0,1,1,1,1
619,350,45,85,50,55,50,65,1,1,1,1,1,1,1,1,1,2,2,0.5,0.5,1,1,0.5,1,2
733,485,80,120,75,75,75,60,1,1,1,2,0.5,2,1,1,0,1,1,0.5,2,0,1,1,1,1
745,487,75,115,65,55,65,112,0.5,0.5,2,1,2,1,2,0.5,2,0.5,1,1,1,1,1,1,2,1
772,534,95,95,95,95,95,59,1,1,1,1,1,1,2,1,1,1,1,1,1,0,1,1,1,1
168,400,70,90,70,60,70,40,1,2,1,1,0.25,1,0.25,0.5,1,2,2,0.5,2,1,1,1,1,0.5
302,380,50,75,75,65,65,50,0,1,1,1,1,1,0,0.5,1,1,0,1,1,1,1,1,1,2
453,300,48,61,40,61,40,50,1,1,1,1,0.5,1,0.5,0.5,2,2,4,0.25,0.5,1,1,0.5,1,1
502,413,75,75,60,83,60,60,1,0.5,0.5,2,2,0.5,1,1,1,1,1,1,1,1,1,1,0.5,1
632,484,58,109,112,48,48,109,0.5,4,1,1,0.25,0.5,1,0,1,1,0.5,0.5,1,1,0.5,1,0.5,0.5
761,210,42,30,38,30,38,32,1,2,0.5,0.5,0.5,2,1,2,0.5,2,1,2,1,1,1,1,1,1
19,253,30,56,35,25,35,72,1,1,1,1,1,1,2,1,1,1,1,1,1,0,1,1,1,1
224,480,75,105,75,105,75,45,1,0.5,0.5,2,2,0.5,1,1,1,1,1,1,1,1,1,1,0.5,1
364,410,90,60,70,75,70,45,1,0.5,0.5,2,2,0.125,2,1,1,1,1,1,2,1,1,1,1,1
505,420,60,85,69,60,69,77,1,1,1,1,1,1,2,1,1,1,1,1,1,0,1,1,1,1
684,341,62,48,66,59,57,49,1,1,1,1,1,1,0.5,2,1,1,1,0.5,1,1,0,0.5,2,1
218,250,40,40,40,70,40,20,1,0.5,2,1,0.5,0.5,1,1,2,1,1,0.5,2,1,1,1,0.5,0.5
477,525,45,100,135,65,135,45,0,1,1,1,1,1,0,0.5,1,1,1,0.5,1,2,1,2,1,1
496,413,60,60,75,60,75,83,1,2,0.5,0.5,0.5,2,1,2,0.5,2,1,2,1,1,1,1,1,1
649,600,71,120,95,120,95,99,0.5,4,1,1,0.25,0.5,1,0,1,1,0.5,0.5,1,1,0.5,1,0.5,0.5
658,530,72,95,67,103,71,122,1,0.5,0.5,2,2,0.5,2,1,1,1,0,2,1,0.5,1,0.5,0.5,2
58,350,55,70,45,70,50,60,1,0.5,2,1,0.5,0.5,1,1,2,1,1,0.5,2,1,1,1,0.5,0.5
274,340,70,70,40,60,40,60,1,2,0.5,0.5,0.5,2,2,2,0.5,2,0,4,1,0.5,1,0.5,1,2
449,330,68,72,78,38,42,32,1,1,2,0,2,2,1,0.5,1,1,1,1,0.5,1,1,1,1,1
493,720,120,120,120,120,120,120,1,1,1,1,1,1,2,1,1,1,1,1,1,0,1,1,1,1
639,580,91,129,90,72,90,108,0.5,0.5,2,1,2,1,2,0.5,2,1,2,0.5,0.5,1,1,0.5,2,2
667,369,62,50,58,73,54,72,1,0.5,2,1,0.5,0.5,2,1,2,1,1,0.5,2,0,1,1,0.5,0.5
46,285,35,70,55,45,55,25,1,4,0.5,0.5,0.25,2,0.5,2,0.25,4,1,2,2,1,1,1,1,1
166,390,55,35,50,55,110,85,1,2,1,2,0.25,2,0.25,1,0,2,1,0.5,4,1,1,1,1,1
219,430,60,50,120,90,80,30,0.5,0.25,4,1,1,0.5,2,0.5,4,0.5,1,0.5,2,1,1,1,1,0.5
596,472,70,77,60,97,60,108,1,2,1,0.5,0.5,1,0.5,1,1,1,1,1,2,1,1,1,0.5,1
601,520,60,100,115,70,85,90,0.5,2,1,1,0.5,0.5,2,0,2,0.5,0.5,0.5,0.5,1,0.5,1,0.5,0.5
614,505,95,130,80,70,80,50,1,2,1,1,1,0.5,2,1,1,1,1,1,2,1,1,1,2,1
659,237,38,36,38,32,36,57,1,1,1,1,1,1,2,1,1,1,1,1,1,0,1,1,1,1
801,600,80,95,115,130,115,65,0.5,2,1,1,0.5,0.5,1,0,2,0.5,0.5,0.25,0.5,1,0,0.5,1,0.5
126,495,65,95,57,100,85,93,1,0.5,2,1,0.5,0.5,1,1,2,1,1,0.5,2,1,1,1,0.5,0.5
131,535,130,85,80,85,95,60,1,1,0,2,2,0.25,2,1,1,1,1,1,2,1,1,1,1,1
140,355,30,80,90,55,45,55,0.5,0.25,1,2,4,0.5,2,0.5,2,0.5,1,1,1,1,1,1,1,1
549,480,70,60,75,110,75,90,1,2,0.5,0.5,0.5,2,1,2,0.5,2,1,2,1,1,1,1,1,1
640,580,91,90,72,90,129,108,1,2,0.5,0.5,0.5,2,1,2,0.5,4,2,1,0.5,1,1,0.5,1,2
227,465,65,80,140,40,70,70,0.5,2,1,2,0.25,1,1,0,0,0.5,0.5,0.25,1,1,0.5,1,0.5,0.5
286,460,60,130,80,60,60,70,1,2,0.5,0.5,0.5,2,1,2,0.5,4,2,1,0.5,1,1,0.5,1,2
120,340,30,45,55,70,55,85,1,0.5,0.5,2,2,0.5,1,1,1,1,1,1,1,1,1,1,0.5,1
492,600,100,100,100,100,100,100,1,2,0.5,0.5,0.5,2,1,2,0.5,2,1,2,1,1,1,1,1,1
736,300,47,62,45,55,45,46,1,2,1,1,0.5,1,0.5,1,0.5,2,1,1,2,1,1,1,1,1
876,475,60,65,55,105,95,95,1,1,1,1,1,1,1,1,1,1,0.5,2,1,0,1,2,1,1
889,720,92,130,145,80,145,128,0.5,2,1,1,0.5,0.5,2,0,2,1,1,0.25,0.25,1,0.5,0.5,0.5,1
20,413,55,81,60,50,70,97,1,1,1,1,1,1,2,1,1,1,1,1,1,0,1,1,1,1
326,470,80,45,65,90,110,80,1,0.5,1,1,1,0.5,0.5,1,1,1,0.5,2,1,2,1,2,1,1
548,280,45,35,50,70,50,30,1,2,0.5,0.5,0.5,2,1,2,0.5,2,1,2,1,1,1,1,1,1
866,520,80,85,75,110,100,70,1,2,1,1,1,0.5,1,1,1,1,0.5,2,2,2,1,2,2,1
773,570,95,95,95,95,95,95,1,1,1,1,1,1,2,1,1,1,1,1,1,0,1,1,1,1
835,270,59,45,50,40,50,26,1,1,1,0.5,1,1,1,1,2,0.5,1,1,1,1,1,1,0.5,1
842,485,110,85,80,100,80,30,1,1,0.25,0.25,0.25,4,1,2,0.5,2,1,2,1,1,2,1,1,2
268,205,50,35,55,25,25,15,1,2,1,1,0.5,1,0.5,1,0.5,2,1,1,2,1,1,1,1,1
621,485,77,120,90,60,90,48,1,0.5,0.5,0.5,0.5,2,1,1,1,1,1,1,1,1,2,1,1,2
631,484,85,97,66,105,66,65,1,0.5,2,1,0.5,0.5,1,1,2,1,1,0.5,2,1,1,1,0.5,0.5
716,680,126,131,95,131,98,99,1,1,1,1,1,1,0.5,2,1,1,1,0.5,1,1,0,0.5,2,1
33,365,61,72,57,55,55,65,1,1,1,1,0.5,1,0.5,0.5,2,1,2,0.5,1,1,1,1,1,0.5
130,540,95,125,79,60,100,81,1,0.5,0.5,4,1,1,0.5,1,0,1,1,0.5,2,1,1,1,0.5,1
374,300,40,55,80,35,60,30,0.5,2,1,1,0.5,0.5,1,0,2,0.5,0.25,1,0.5,2,0.5,2,0.5,0.5
535,294,50,50,40,50,40,64,1,0.5,0.5,2,2,0.5,1,1,1,1,1,1,1,1,1,1,0.5,1
375,420,60,75,100,55,80,50,0.5,2,1,1,0.5,0.5,1,0,2,0.5,0.25,1,0.5,2,0.5,2,0.5,0.5
558,485,70,105,125,65,75,45,0.5,1,2,1,1,1,1,0.5,1,1,1,1,2,1,1,1,2,1
47,405,60,95,80,60,80,30,1,4,0.5,0.5,0.25,2,0.5,2,0.25,4,1,2,2,1,1,1,1,1
97,483,85,73,70,73,115,67,1,1,1,1,1,1,0.5,1,1,1,0.5,2,1,2,1,2,1,1
147,300,41,64,45,50,50,50,1,0.5,0.5,0.5,0.5,2,1,1,1,1,1,1,1,1,2,1,1,2
164,452,100,50,50,86,96,70,1,1,1,2,0.5,2,1,1,0,1,1,0.5,2,0,1,1,1,1
207,430,65,75,105,35,65,85,1,1,2,0,1,4,0.5,0.5,0,1,1,0.5,1,1,1,1,1,1
381,600,80,90,80,130,110,110,1,0.5,0.5,0.5,0.5,2,0.5,1,0,1,0.5,2,1,2,2,2,1,2
455,454,74,100,72,90,72,46,1,2,0.5,0.5,0.5,2,1,2,0,2,1,2,1,1,1,1,1,1
802,600,90,125,80,90,90,125,0,1,1,1,1,1,0,0.5,1,2,2,0.25,0.5,2,1,1,1,2
839,510,110,80,120,80,90,30,0.5,0.25,4,1,1,0.5,2,0.5,4,0.5,1,0.5,2,1,1,1,1,0.5
208,510,75,85,200,55,65,30,0.5,2,2,0,1,1,2,0,2,0.5,0.5,0.5,0.25,1,0.5,1,0.5,0.5
770,480,85,75,110,100,75,35,0,1,2,0,2,2,0,0.25,1,1,1,0.5,0.5,2,1,2,1,1
790,400,43,29,131,29,131,37,1,1,1,1,1,1,0.5,1,1,1,0.5,2,1,2,1,2,1,1
71,490,80,105,65,100,70,70,1,2,0.5,0.5,0.25,2,0.5,1,1,2,2,1,1,1,1,1,1,0.5
328,290,45,100,45,45,45,10,1,1,2,0,2,2,1,0.5,1,1,1,1,0.5,1,1,1,1,1
486,670,110,160,110,80,110,100,1,1,1,1,1,1,2,1,1,1,1,1,1,0,1,1,1,1
501,308,55,55,45,63,45,45,1,0.5,0.5,2,2,0.5,1,1,1,1,1,1,1,1,1,1,0.5,1
228,330,45,60,30,80,50,65,1,0.5,2,1,0.5,0.5,2,1,2,1,0,1,2,0.5,1,0.5,0.5,1
525,390,70,105,105,50,40,20,0.5,0.5,2,1,2,1,2,0.5,2,0.5,1,1,1,1,1,1,2,1
136,525,65,130,60,95,110,65,1,0,2,1,0.5,0.5,1,1,2,1,1,0.5,2,1,1,1,0.5,0.5
198,405,60,85,42,85,42,91,1,1,1,2,0.5,2,1,1,0,1,0,1,2,0.5,1,0.5,1,2
290,266,31,45,90,30,30,40,1,2,2,0,1,2,0.5,0.5,0.5,2,1,1,1,1,1,1,1,1
620,510,65,125,60,95,60,105,1,1,1,1,1,1,1,1,1,2,2,0.5,0.5,1,1,0.5,1,2
845,475,70,85,55,85,95,85,1,0.5,0.5,4,1,1,0.5,1,0,1,1,0.5,2,1,1,1,0.5,1
118,320,45,67,60,35,50,63,1,0.5,0.5,2,2,0.5,1,1,1,1,1,1,1,1,1,1,0.5,1
257,530,80,120,70,110,70,80,1,0.5,2,1,0.5,0.5,1,1,2,2,2,0.25,1,1,1,0.5,0.5,1
669,303,44,38,39,61,79,42,1,1,1,1,1,1,0.5,2,1,1,1,0.5,1,1,0,0.5,2,1
40,435,140,70,45,85,50,45,1,1,1,1,1,1,1,2,1,1,1,0.5,1,0,0,0.5,2,1
385,600,100,100,100,100,100,100,0.5,2,1,1,0.5,0.5,1,0,2,0.5,0.25,1,0.5,2,0.5,2,0.5,0.5
517,292,76,25,45,67,55,24,1,1,1,1,1,1,0.5,1,1,1,0.5,2,1,2,1,2,1,1
11,205,50,20,55,25,25,30,1,2,1,1,0.5,1,0.5,1,0.5,2,1,1,2,1,1,1,1,1
756,405,60,45,80,90,100,30,1,2,0.5,0.5,0.5,2,0.5,4,0.5,2,1,1,1,1,0,0.5,2,1
798,570,59,181,131,59,31,109,0.5,4,0.5,0.5,0.25,1,2,0,1,1,0.5,1,0.5,1,0.5,1,0.5,0.5
841,485,70,110,80,95,60,70,1,1,0.25,0.25,0.25,4,1,2,0.5,2,1,2,1,1,2,1,1,2
185,410,70,100,115,30,65,30,0.5,0.5,2,1,2,1,2,0.5,2,0.5,1,1,1,1,1,1,2,1
341,308,43,80,65,50,35,35,1,0.5,0.5,2,2,0.5,1,1,1,1,1,1,1,1,1,1,0.5,1
653,307,40,45,40,62,60,60,1,0.5,2,1,0.5,0.5,1,1,2,1,1,0.5,2,1,1,1,0.5,0.5
753,250,40,55,35,50,35,35,1,2,0.5,0.5,0.5,2,1,2,0.5,2,1,2,1,1,1,1,1,1
96,328,60,48,45,43,90,42,1,1,1,1,1,1,0.5,1,1,1,0.5,2,1,2,1,2,1,1
230,540,75,95,95,95,95,85,1,0.25,0.25,1,1,1,1,1,1,1,1,1,1,1,2,1,0.5,2
256,405,60,85,60,85,60,55,1,0.5,2,1,0.5,0.5,1,1,2,2,2,0.25,1,1,1,0.5,0.5,1
329,340,50,70,50,50,50,70,1,0.5,1,0,1,4,1,0.5,0,1,1,1,0.5,1,2,1,1,2
452,500,70,90,110,60,75,95,1,1,1,1,0.5,1,1,0.5,2,1,0,1,1,0.5,1,0.5,1,1
537,509,105,95,75,85,75,74,1,0.5,1,0,4,1,1,0.5,1,1,1,1,0.5,1,1,1,0.5,1
25,320,35,55,40,50,50,90,1,1,1,0.5,1,1,1,1,2,0.5,1,1,1,1,1,1,0.5,1
201,336,48,72,48,72,48,48,1,1,1,1,1,1,0.5,1,0,1,0.5,2,1,2,1,2,1,1
799,570,223,101,53,97,53,43,1,0.5,0.5,0.5,0.5,2,2,1,1,1,0,2,1,0.5,2,0.5,1,4
177,320,40,50,45,70,45,70,1,1,1,2,0.5,2,0.25,1,0,1,0.5,1,2,2,1,2,1,1
344,500,60,70,105,70,120,75,1,1,2,0,2,2,0.5,0.5,0,1,0.5,2,0.5,2,1,2,1,1
604,515,85,115,80,105,80,50,1,1,1,0.5,1,1,1,1,0,0.5,1,1,1,1,1,1,0.5,1
678,466,74,48,76,83,81,104,1,1,1,1,1,1,0.5,1,1,1,0.5,2,1,2,1,2,1,1
104,320,50,50,95,40,50,35,1,1,2,0,2,2,1,0.5,1,1,1,1,0.5,1,1,1,1,1
229,500,75,90,50,110,80,95,1,0.5,2,1,0.5,0.5,2,1,2,1,0,1,2,0.5,1,0.5,0.5,1
244,580,115,115,85,90,75,100,1,0.5,2,1,0.5,0.5,1,1,2,1,1,0.5,2,1,1,1,0.5,0.5
246,300,50,64,50,45,50,41,0.5,0.5,4,0,4,2,2,0.25,2,0.5,1,1,0.5,1,1,1,2,1
413,424,60,59,85,79,105,36,1,4,0.5,0.5,0.25,2,0.5,2,0.25,4,1,2,2,1,1,1,1,1
657,405,54,63,52,83,56,97,1,0.5,0.5,2,2,0.5,1,1,1,1,1,1,1,1,1,1,0.5,1
702,431,67,58,57,81,67,101,1,1,1,0.5,1,1,0.5,2,2,0.5,1,0.5,1,1,0,0.5,1,1
66,305,70,80,50,35,35,35,1,1,1,1,1,1,1,1,1,2,2,0.5,0.5,1,1,0.5,1,2
76,495,80,120,130,55,65,45,0.5,0.5,4,0,4,2,2,0.25,2,0.5,1,1,0.5,1,1,1,2,1
194,210,55,45,45,25,25,15,1,0.5,1,0,4,1,1,0.5,1,1,1,1,0.5,1,1,1,0.5,1
418,330,55,65,35,60,30,85,1,0.5,0.5,2,2,0.5,1,1,1,1,1,1,1,1,1,1,0.5,1
335,458,73,115,60,60,60,90,1,1,1,1,1,1,2,1,1,1,1,1,1,0,1,1,1,1
354,455,64,115,65,83,63,65,0,1,1,1,1,1,0,0.5,1,1,1,0.5,1,2,1,2,1,1
404,363,60,85,49,60,49,60,1,1,1,0.5,1,1,1,1,2,0.5,1,1,1,1,1,1,0.5,1
429,495,60,60,60,105,105,105,0,1,1,1,1,1,0,0.5,0,1,1,0.5,1,2,1,2,1,1
578,370,65,40,50,125,60,30,1,1,1,1,1,1,0.5,1,1,1,0.5,2,1,2,1,2,1,1
347,355,45,95,50,40,50,75,0.5,1,2,1,1,1,1,0.5,1,1,1,1,2,1,1,1,2,1
464,535,115,140,130,55,55,40,0.5,0.5,4,0,4,2,2,0.25,2,0.5,1,1,0.5,1,1,1,2,1
128,490,75,100,95,40,70,110,1,1,1,1,1,1,2,1,1,1,1,1,1,0,1,1,1,1
280,198,28,25,25,45,35,40,1,1,1,1,1,1,0.25,2,1,1,0.5,1,1,2,0,1,2,1
439,310,20,25,45,70,90,60,1,1,1,1,1,1,0.25,2,1,1,0.5,1,1,2,0,1,2,1
533,405,85,105,85,40,50,40,1,1,1,1,1,1,1,1,1,2,2,0.5,0.5,1,1,0.5,1,2
837,240,30,40,50,40,50,30,0.5,0.5,2,1,2,1,2,0.5,2,0.5,1,1,1,1,1,1,2,1
840,260,40,40,80,40,40,20,1,1,0.25,0.25,0.25,4,1,2,0.5,2,1,2,1,1,2,1,1,2
102,325,60,40,80,60,45,40,1,2,0.5,0.5,0.5,2,0.5,2,0.5,2,0.5,4,1,2,1,2,1,1
530,508,110,135,60,50,65,88,0.5,2,2,0,1,1,2,0,2,0.5,0.5,0.5,0.25,1,0.5,1,0.5,0.5
345,355,66,41,77,61,87,23,0.5,1,1,0.5,1,2,2,1,1,1,1,2,1,1,1,1,2,1
474,535,85,80,70,135,75,90,1,1,1,1,1,1,2,1,1,1,1,1,1,0,1,1,1,1
238,305,45,30,15,85,65,65,1,2,1,1,1,0.5,1,1,1,1,0.5,2,2,2,1,2,2,1
319,460,70,120,40,95,40,95,1,0.5,0.5,2,2,0.5,2,1,1,1,0,2,1,0.5,1,0.5,0.5,2
456,330,49,49,56,49,61,66,1,0.5,0.5,2,2,0.5,1,1,1,1,1,1,1,1,1,1,0.5,1
491,600,70,90,90,135,90,125,1,1,1,1,1,1,2,1,1,1,0,2,1,0.5,1,0.5,1,2
42,455,75,80,70,65,75,90,1,1,1,2,0.25,2,0.25,0.5,0,1,2,0.25,2,1,1,1,1,0.5
111,345,80,85,95,30,30,25,0.5,0.5,4,0,4,2,2,0.25,2,0.5,1,1,0.5,1,1,1,2,1
263,240,38,30,41,30,41,60,1,1,1,1,1,1,2,1,1,1,1,1,1,0,1,1,1,1
349,200,20,15,20,10,55,80,1,0.5,0.5,2,2,0.5,1,1,1,1,1,1,1,1,1,1,0.5,1
403,263,45,65,34,40,34,45,1,1,1,0.5,1,1,1,1,2,0.5,1,1,1,1,1,1,0.5,1
645,600,89,125,90,115,80,101,1,1,2,0,1,4,0.5,0.5,0,1,1,0.5,1,1,1,1,1,1
694,289,44,38,33,61,43,70,1,1.25,0,0.5,1,1,2,1,2,0.5,1,1,1,0,1,1,0.5,1
723,420,78,75,75,70,70,52,1,2,0.5,1,0.25,4,0.5,2,0,2,1,1,2,1,1,1,1,1
197,525,95,65,110,60,130,65,1,1,1,1,1,1,2,1,1,1,0,2,1,0.5,1,0.5,1,2
220,250,50,50,40,30,30,50,1,2,2,0,2,1,2,0.5,1,1,1,1,1,1,1,1,2,1
719,600,50,100,150,100,150,50,0.5,0.5,2,1,2,1,1,1,2,0.5,1,0.5,1,1,0,0.5,4,1
722,320,68,55,55,50,50,42,1,2,0.5,1,0.25,4,0.5,2,0,2,1,1,2,1,1,1,1,1
748,495,50,63,152,53,142,35,1,0.5,0.5,2,1,0.5,0.5,0.5,2,1,2,0.5,1,1,1,1,0.5,0.5
885,270,28,60,30,40,30,82,0,0.5,0.5,0.5,0.5,2,0,0.5,1,1,1,0.5,1,2,2,2,1,2
436,300,57,24,86,24,86,23,0.5,2,1,1,0.5,0.5,1,0,0,0.5,0.25,1,0.5,2,0.5,2,0.5,0.5
709,474,85,110,76,65,82,56,0,2,0.5,0.5,0.5,2,0,1,0.5,2,1,1,1,2,1,2,1,1
44,395,60,65,70,85,75,40,1,2,0.5,0.5,0.25,2,0.5,1,1,2,2,1,1,1,1,1,1,0.5
507,370,65,80,65,35,65,60,1,1,1,1,1,1,2,1,1,1,1,1,1,0,1,1,1,1
545,485,60,100,89,55,69,112,1,2,1,1,0.25,1,0.25,0.5,1,2,2,0.5,2,1,1,1,1,0.5
606,485,75,75,75,125,95,40,1,1,1,1,1,1,0.5,1,1,1,0.5,2,1,2,1,2,1,1
51,425,35,100,50,50,70,120,1,1,2,0,2,2,1,0.5,1,1,1,1,0.5,1,1,1,1,1
55,500,80,82,78,95,80,85,1,0.5,0.5,2,2,0.5,1,1,1,1,1,1,1,1,1,1,0.5,1
167,250,40,60,40,40,40,30,1,2,1,1,0.25,1,0.25,0.5,1,2,2,0.5,2,1,1,1,1,0.5
412,224,40,29,45,29,45,36,1,2,1,1,0.5,1,0.5,1,0.5,2,1,1,2,1,1,1,1,1
729,420,60,69,69,91,81,50,1,0.5,0.5,2,2,0.5,1,1,1,1,1,1,1,1,1,1,0.5,1
738,500,77,70,90,145,75,43,1,2,1,0.5,0.5,1,0.5,1,0,1,1,1,2,1,1,1,0.5,1
819,275,70,55,55,35,35,25,1,1,1,1,1,1,2,1,1,1,1,1,1,0,1,1,1,1
822,365,68,67,55,43,55,77,1,1,1,2,0.5,2,0.5,1,0,1,1,0.5,2,1,1,1,1,1
103,530,95,95,85,125,75,55,1,2,0.5,0.5,0.5,2,0.5,2,0.5,2,0.5,4,1,2,1,2,1,1
369,485,100,90,130,45,65,55,0.5,0.25,1,2,4,0.5,2,0.5,2,0.5,1,1,1,1,1,1,1,1
45,0,75,80,85,110,90,50,1,2,0.5,0.5,0.25,2,0.5,1,1,2,2,1,1,1,1,1,1,0.5
86,325,65,45,55,45,70,45,1,0.25,0.5,2,2,0.25,1,1,1,1,1,1,1,1,1,1,0.5,1
89,500,105,105,75,65,100,50,1,1,1,1,0.5,1,0.5,0.5,2,1,2,0.5,1,1,1,1,1,0.5
376,600,80,135,130,95,90,70,0.5,2,1,1,0.5,0.5,1,0,2,0.5,0.25,1,0.5,2,0.5,2,0.5,0.5
506,275,45,60,45,25,45,55,1,1,1,1,1,1,2,1,1,1,1,1,1,0,1,1,1,1
582,305,36,50,50,65,60,44,1,2,1,1,1,0.5,2,1,1,1,1,1,2,1,1,1,2,1
585,335,60,60,50,40,50,75,1,2,0.5,0.5,0.5,2,2,2,0.5,2,1,2,1,0,1,1,1,1
373,600,95,135,80,110,80,100,1,0.5,0.5,1,0.25,4,0.5,1,0,1,1,0.5,2,1,2,1,1,2
688,306,42,52,67,39,56,50,0.5,0.25,1,2,4,0.5,2,0.5,2,0.5,1,1,1,1,1,1,1,1
744,280,45,65,40,30,40,60,0.5,0.5,2,1,2,1,2,0.5,2,0.5,1,1,1,1,1,1,2,1
189,460,75,55,70,55,95,110,1,2,0.5,1,0.25,4,0.5,2,0,2,1,1,2,1,1,1,1,1
270,220,40,30,30,40,50,30,1,1,0.25,1,1,1,1,2,0.5,2,1,2,1,1,1,1,0.5,1
271,340,60,50,50,60,70,50,1,1,0.25,1,1,1,1,2,0.5,2,1,2,1,1,1,1,0.5,1
233,515,85,80,90,105,95,60,1,1,1,1,1,1,2,1,1,1,1,1,1,0,1,1,1,1
292,236,1,90,45,30,30,40,0,2,0,0,0,0,0,0,0,2,0,0,2,2,0,2,0,0
297,474,144,120,60,40,60,50,1,0.5,1,1,1,0.5,1,1,1,2,2,0.5,0.5,1,1,0.5,1,2
827,245,40,28,28,47,52,50,1,1,1,1,1,1,2,1,1,1,0,2,1,0.5,1,0.5,1,2
879,500,122,130,69,80,69,30,0.5,2,1,1,0.5,0.5,2,0,2,0.5,0.5,0.5,0.5,1,0.5,1,0.5,0.5
135,525,65,65,60,110,95,130,1,1,1,0,1,1,1,1,2,0.5,1,1,1,1,1,1,0.5,1
156,405,58,64,58,80,65,80,1,0.5,2,1,0.5,0.5,1,1,2,1,1,0.5,2,1,1,1,0.5,0.5
190,360,55,70,55,40,55,85,1,1,1,1,1,1,2,1,1,1,1,1,1,0,1,1,1,1
288,440,80,80,80,55,55,90,1,1,1,1,1,1,2,1,1,1,1,1,1,0,1,1,1,1
303,380,50,85,85,55,55,50,0.5,2,1,1,0.5,0.5,1,0,2,0.5,0.5,0.25,0.5,1,0,0.5,1,0.5
338,460,90,95,85,55,65,70,0.5,0.5,2,1,2,1,1,0.5,0,0.5,0.5,2,1,2,1,2,2,1
779,475,68,105,70,70,70,92,1,0.5,0.5,2,2,0.5,0.5,1,1,1,0.5,2,1,2,1,2,0.5,1
144,580,90,85,100,95,125,85,1,2,1,2,0.5,1,1,1,0,1,1,0.5,4,1,1,1,2,1
176,405,55,40,85,80,105,40,1,1,1,2,0.5,2,0.25,2,0,1,1,0.25,2,1,0,0.5,2,1
531,445,103,60,86,60,86,50,1,1,1,1,1,1,2,1,1,1,1,1,1,0,1,1,1,1
754,480,70,105,90,80,90,45,1,2,0.5,0.5,0.5,2,1,2,0.5,2,1,2,1,1,1,1,1,1
830,460,60,50,90,80,120,60,1,2,0.5,0.5,0.5,2,1,2,0.5,2,1,2,1,1,1,1,1,1
858,510,57,90,95,136,103,29,1,1,1,1,1,1,0.25,2,1,1,0.5,1,1,2,0,1,2,1
115,490,105,95,80,40,80,90,1,1,1,1,1,1,2,1,1,1,1,1,1,0,1,1,1,1
241,490,95,80,105,40,70,100,1,0.5,1,1,1,0.5,2,1,1,1,1,1,1,0,1,1,1,1
728,320,50,54,54,66,56,40,1,0.5,0.5,2,2,0.5,1,1,1,1,1,1,1,1,1,1,0.5,1
193,390,65,65,45,75,45,95,1,2,1,2,0.25,2,0.25,1,0,2,1,0.5,4,1,1,1,1,1
283,269,40,30,32,50,52,65,1,1,0.5,2,1,0.5,0.5,1,0.5,2,1,1,2,1,1,1,0.5,1
638,580,91,90,129,90,72,108,0.5,2,1,1,0.5,0.5,2,0,2,1,1,0.25,0.25,1,0.5,0.5,0.5,1
725,320,45,65,40,60,40,70,1,0.5,2,1,0.5,0.5,1,1,2,1,1,0.5,2,1,1,1,0.5,0.5
755,285,40,35,55,65,75,15,1,2,0.5,0.5,0.5,2,0.5,4,0.5,2,1,1,1,1,0,0.5,2,1
857,370,57,40,65,86,73,49,1,1,1,1,1,1,0.5,1,1,1,0.5,2,1,2,1,2,1,1
650,313,56,61,65,48,45,38,1,2,0.5,0.5,0.5,2,1,2,0.5,2,1,2,1,1,1,1,1,1
805,570,61,131,211,53,101,13,0.25,1,2,1,1,0.5,4,0,4,0.25,0.5,0.5,0.5,1,0.5,1,1,0.5
852,310,50,68,60,50,50,32,1,1,1,1,1,1,1,1,1,2,2,0.5,0.5,1,1,0.5,1,2
245,580,100,75,115,90,115,85,1,0.5,0.5,2,2,0.5,1,1,1,1,1,1,1,1,1,1,0.5,1
285,295,60,40,60,40,60,35,1,2,0.5,0.5,0.5,2,1,2,0.5,2,1,2,1,1,1,1,1,1
231,330,90,60,60,40,40,40,1,1,2,0,2,2,1,0.5,1,1,1,1,0.5,1,1,1,1,1
398,485,85,120,70,50,60,100,1,1,1,2,0.5,2,1,1,0,1,1,0.5,2,0,1,1,1,1
450,525,108,112,118,68,72,47,1,1,2,0,2,2,1,0.5,1,1,1,1,0.5,1,1,1,1,1
471,525,65,60,110,130,95,65,1,2,1,1,1,0.5,2,1,1,1,1,1,2,1,1,1,2,1
834,485,90,115,90,48,68,74,0.5,0.25,1,2,4,0.5,2,0.5,2,0.5,1,1,1,1,1,1,1,1
122,460,40,45,65,100,120,90,1,1,1,1,1,1,0.25,2,1,1,0.5,1,1,2,0,1,2,1
293,240,64,51,23,51,23,28,1,1,1,1,1,1,2,1,1,1,1,1,1,0,1,1,1,1
294,360,84,71,43,71,43,48,1,1,1,1,1,1,2,1,1,1,1,1,1,0,1,1,1,1
380,600,80,80,90,110,130,110,1,0.5,0.5,0.5,0.5,2,0.5,1,0,1,0.5,2,1,2,2,2,1,2
615,515,80,50,50,95,135,105,1,2,1,1,1,0.5,2,1,0,1,1,1,2,1,1,1,2,1
660,423,85,56,77,50,77,78,1,1,2,0,2,2,2,0.5,1,1,1,1,0.5,0,1,1,1,1
869,495,65,60,75,110,121,64,1,1,1,1,1,1,0.5,2,1,1,1,0.5,1,1,0,0.5,2,1
108,385,90,55,75,60,75,30,1,1,1,1,1,1,2,1,1,1,1,1,1,0,1,1,1,1
117,440,55,65,95,95,45,85,1,0.5,0.5,2,2,0.5,1,1,1,1,1,1,1,1,1,1,0.5,1
247,410,70,84,70,65,70,51,0.5,0.5,4,0,4,2,2,0.25,2,0.5,1,1,0.5,1,1,1,2,1
414,424,70,94,50,94,50,66,1,2,1,2,0.25,2,0.25,1,0,2,1,0.5,4,1,1,1,1,1
482,580,75,125,70,125,70,115,1,1,1,1,1,1,0.5,1,0,1,0.5,2,1,2,1,2,1,1
576,490,70,55,95,95,110,65,1,1,1,1,1,1,0.5,1,1,1,0.5,2,1,2,1,2,1,1
612,540,76,147,90,60,70,97,1,0.5,0.5,0.5,0.5,2,1,1,1,1,1,1,1,1,2,1,1,2
671,552,78,65,68,112,154,75,1,1,1,1,1,1,0.5,2,1,1,1,0.5,1,1,0,0.5,2,1
605,335,55,55,55,85,55,30,1,1,1,1,1,1,0.5,1,1,1,0.5,2,1,2,1,2,1,1
627,350,70,83,50,37,50,60,1,1,1,2,0.5,2,1,1,0,1,1,0.5,2,0,1,1,1,1
683,462,101,72,72,99,89,29,1,1,1,1,1,1,0.5,2,1,1,1,0.5,1,1,0,0.5,2,1
261,220,35,55,35,30,30,35,1,1,1,1,1,1,2,1,1,1,0,2,1,0.5,1,0.5,1,2
281,278,38,35,35,65,55,50,1,1,1,1,1,1,0.25,2,1,1,0.5,1,1,2,0,1,2,1
461,510,70,120,65,45,85,125,1,2,1,1,1,0.5,4,1,1,1,0,2,2,0.5,1,0.5,2,2
816,310,50,40,40,70,40,70,1,0.5,0.5,2,2,0.5,1,1,1,1,1,1,1,1,1,1,0.5,1
821,245,38,47,35,33,35,57,1,1,1,2,0.5,2,0.5,1,0,1,1,0.5,2,1,1,1,1,1
394,405,64,66,68,81,76,50,1,0.5,0.5,2,2,0.5,1,1,1,1,1,1,1,1,1,1,0.5,1
741,476,75,70,70,98,70,93,1,0.5,2,2,0.25,1,0.5,1,0,1,1,0.25,4,1,1,1,0.5,0.5
877,436,58,95,58,70,58,97,1,1,1,0.5,1,1,2,1,2,0.5,0,2,1,0.5,1,0.5,0.5,2
3,525,80,82,83,100,100,80,1,2,0.5,0.5,0.25,2,0.5,1,1,2,2,1,1,1,1,1,1,0.5
5,405,58,64,58,80,65,80,1,0.5,2,1,0.5,0.5,1,1,2,1,1,0.5,2,1,1,1,0.5,0.5
360,260,95,23,48,23,48,23,1,1,1,1,1,1,0.5,1,1,1,0.5,2,1,2,1,2,1,1
416,474,70,80,102,80,102,40,1,2,1,2,0.25,2,0.25,1,0,2,1,0.5,4,1,1,1,1,1
437,500,67,89,116,79,116,33,0.5,2,1,1,0.5,0.5,1,0,0,0.5,0.25,1,0.5,2,0.5,2,0.5,0.5
751,269,38,40,52,40,72,27,1,0.5,0.5,2,1,0.5,0.5,1,0.5,2,1,1,2,1,1,1,0.5,1
511,316,50,53,48,53,48,64,1,2,0.5,0.5,0.5,2,1,2,0.5,2,1,2,1,1,1,1,1,1
616,305,50,40,85,40,65,25,1,2,1,1,0.5,1,0.5,1,0.5,2,1,1,2,1,1,1,1,1
731,265,35,75,30,30,30,65,1,1,1,2,0.5,2,1,1,0,1,1,0.5,2,0,1,1,1,1
38,505,73,76,75,81,100,100,1,0,2,1,0.5,0.5,1,1,2,1,1,0.5,2,1,1,1,0.5,0.5
62,510,90,95,95,70,90,70,1,0.5,0,2,2,0.5,1,1,1,2,2,0.5,0.5,1,1,0.5,0.5,2
204,290,50,65,90,35,35,15,1,2,1,1,0.5,1,0.5,1,0.5,2,1,1,2,1,1,1,1,1
363,290,70,40,50,55,50,25,1,0.5,0.5,2,2,0.125,2,1,1,1,1,1,2,1,1,1,1,1
399,250,59,45,40,35,40,31,1,1,1,1,1,1,2,1,1,1,1,1,1,0,1,1,1,1
665,213,45,22,60,27,30,29,1,2,1,1,0.5,1,0.5,1,0.5,2,1,1,2,1,1,1,1,1
673,531,123,100,62,97,81,68,1,2,0.5,0.5,0,2,1,2,0.5,2,1,2,1,1,1,1,1,1
865,507,62,135,95,68,82,65,1,1,1,1,1,1,1,1,1,2,2,0.5,0.5,1,1,0.5,1,2
832,490,72,80,100,60,90,88,1,2,1,1,1,1,2,1,1,1,1,1,1,0,1,1,1,1
35,323,70,45,48,60,65,35,1,1,1,1,1,1,0.5,2,1,1,1,0.5,1,1,0,0.5,2,1
114,435,65,55,115,100,40,60,1,2,0.5,0.5,0.5,2,1,2,0.5,2,1,2,1,1,1,1,1,1
242,540,255,10,10,75,135,55,1,1,1,1,1,1,2,1,1,1,1,1,1,0,1,1,1,1
350,540,95,60,79,100,125,81,1,0.5,0.5,2,2,0.5,1,1,1,1,1,1,1,1,1,1,0.5,1
366,345,35,64,85,74,55,32,1,0.5,0.5,2,2,0.5,1,1,1,1,1,1,1,1,1,1,0.5,1
430,505,100,125,52,105,52,71,1,1,1,2,0.5,2,1,1,0,1,0,1,2,0.5,1,0.5,1,2
540,310,45,53,70,40,60,42,1,4,0.5,0.5,0.25,2,0.5,2,0.25,4,1,2,2,1,1,1,1,1
622,303,59,74,50,35,50,35,0,1,2,0,2,2,0,0.25,1,1,1,0.5,0.5,2,1,2,1,1
682,341,78,52,60,63,65,23,1,1,1,1,1,1,0.5,2,1,1,1,0.5,1,1,0,0.5,2,1
708,309,43,70,48,50,60,38,0,2,0.5,0.5,0.5,2,0,1,0.5,2,1,1,1,2,1,2,1,1
778,476,55,90,80,50,105,96,0,1,1,1,1,1,0,1,1,1,1,0.25,1,2,0,1,2,1
90,305,30,65,100,45,25,40,1,0.5,0.5,2,2,0.5,1,1,1,1,1,1,1,1,1,1,0.5,1
213,505,20,10,230,10,230,5,0.5,1,2,1,1,1,1,0.5,1,1,1,1,2,1,1,1,2,1
291,456,61,90,45,50,50,160,1,2,1,2,0.25,2,0.25,1,0,2,1,0.5,4,1,1,1,1,1
536,384,75,65,55,65,55,69,1,0.5,1,0,4,1,1,0.5,1,1,1,1,0.5,1,1,1,0.5,1
759,340,70,75,50,45,50,50,1,2,1,1,1,1,2,1,1,2,2,0.5,0.5,0,1,0.5,1,2
555,480,105,140,55,30,55,95,1,0.5,2,1,0.5,0.5,1,1,2,1,1,0.5,2,1,1,1,0.5,0.5
592,335,55,40,50,65,85,40,0,0.5,0,2,2,0.5,0,0.5,1,1,1,0.5,1,2,1,2,0.5,1
679,325,45,80,100,35,37,28,0,2,1,1,0.5,0.5,0,0,2,0.5,0.5,0.25,0.5,2,0.5,2,0.5,0.5
739,338,47,82,57,42,47,63,1,1,1,1,1,1,1,1,1,2,2,0.5,0.5,1,1,0.5,1,2
49,450,70,65,60,90,75,90,1,2,1,1,0.25,1,0.25,0.5,1,2,2,0.5,2,1,1,1,1,0.5
70,390,65,90,50,85,45,55,1,2,0.5,0.5,0.25,2,0.5,1,1,2,2,1,1,1,1,1,1,0.5
150,680,106,110,90,154,90,130,1,1,1,1,1,1,0.5,1,1,1,0.5,2,1,2,1,2,1,1
269,385,60,50,70,50,90,65,1,2,1,1,0.25,1,0.25,0.5,1,2,2,0.5,2,1,1,1,1,0.5
277,455,60,85,60,75,50,125,1,1,1,2,0.5,2,1,1,0,1,1,0.5,2,0,1,1,1,1
526,515,85,135,130,60,80,25,0.5,0.5,2,1,2,1,2,0.5,2,0.5,1,1,1,1,1,1,2,1
623,483,89,124,80,55,80,55,0,1,2,0,2,2,0,0.25,1,1,1,0.5,0.5,2,1,2,1,1
794,570,107,139,139,53,53,79,1,2,1,1,0.5,1,0.5,1,0.5,4,2,0.5,1,1,1,0.5,1,2
170,330,75,38,38,56,56,67,1,0.5,0.5,0,2,0.5,1,1,2,0.5,1,1,1,1,1,1,0.25,1
382,670,100,100,90,150,140,90,1,0.5,0.5,2,2,0.5,1,1,1,1,1,1,1,1,1,1,0.5,1
393,314,53,51,53,61,56,40,1,0.5,0.5,2,2,0.5,1,1,1,1,1,1,1,1,1,1,0.5,1
566,401,55,112,45,74,45,70,0.5,0.5,2,2,1,2,1,0.5,0,0.5,1,0.5,2,1,1,1,2,1
593,480,100,60,70,85,105,60,0,0.5,0,2,2,0.5,0,0.5,1,1,1,0.5,1,2,1,2,0.5,1
654,409,59,59,58,90,70,73,1,0.5,2,1,0.5,0.5,1,1,2,1,1,0.5,2,1,1,1,0.5,0.5
687,482,86,92,88,68,75,73,1,1,1,1,1,1,1,1,1,1,0,4,1,1,1,1,1,2
860,370,65,60,45,75,55,70,1,1,1,1,1,1,1,2,1,1,0,1,1,0.5,0,0.25,2,2
16,251,40,45,40,35,35,56,1,1,1,2,0.5,2,1,1,0,1,1,0.5,2,0,1,1,1,1
178,470,65,75,70,95,70,95,1,1,1,2,0.5,2,0.25,1,0,1,0.5,1,2,2,1,2,1,1
519,264,50,55,50,36,30,43,1,1,1,2,0.5,2,1,1,0,1,1,0.5,2,0,1,1,1,1
153,405,60,62,80,63,80,60,1,2,0.5,0.5,0.5,2,1,2,0.5,2,1,2,1,1,1,1,1,1
259,405,70,85,70,60,70,50,1,0.5,1,0,4,1,1,0.5,1,1,1,1,0.5,1,1,1,0.5,1
217,500,90,130,75,75,75,55,1,1,1,1,1,1,2,1,1,1,1,1,1,0,1,1,1,1
500,528,110,123,65,100,65,65,1,0.5,2,1,0.5,0.5,1,1,2,2,2,0.25,1,1,1,0.5,0.5,1
833,284,50,64,50,38,38,44,1,0.5,0.5,2,2,0.5,1,1,1,1,1,1,1,1,1,1,0.5,1
141,495,60,115,105,65,70,80,0.5,0.25,1,2,4,0.5,2,0.5,2,0.5,1,1,1,1,1,1,1,1
148,420,61,84,65,70,70,70,1,0.5,0.5,0.5,0.5,2,1,1,1,1,1,1,1,1,2,1,1,2
173,218,50,25,28,45,55,15,1,1,1,1,1,1,0.5,2,1,1,1,0.5,1,1,0,0.5,2,1
180,365,70,55,55,80,60,45,1,1,1,0.5,1,1,1,1,2,0.5,1,1,1,1,1,1,0.5,1
240,365,null,75,37,70,55,83,1,0.5,2,1,0.5,0.5,1,1,2,1,1,0.5,2,1,1,1,0.5,0.5
243,580,90,85,75,115,100,115,1,1,1,0.5,1,1,1,1,2,0.5,1,1,1,1,1,1,0.5,1
515,316,50,53,48,53,48,64,1,0.5,0.5,2,2,0.5,1,1,1,1,1,1,1,1,1,1,0.5,1
643,680,100,120,100,150,120,90,1,0.25,1,0.5,0.25,1,1,1,2,1,1,0.5,2,1,2,1,0.5,1
159,405,65,80,80,59,63,58,1,0.5,0.5,2,2,0.5,1,1,1,1,1,1,1,1,1,1,0.5,1
209,300,60,80,50,40,40,30,1,1,1,1,1,1,0.5,2,1,1,1,0.5,1,1,0,0.5,2,1
239,360,45,63,37,65,55,95,1,1,1,0.5,1,1,1,1,2,0.5,1,1,1,1,1,1,0.5,1
377,580,80,100,200,50,100,50,0.5,0.5,2,1,2,1,2,0.5,2,0.5,1,1,1,1,1,1,2,1
783,420,55,75,90,65,70,65,1,0.5,0.5,0.5,0.5,2,1,1,1,2,2,0.5,0.5,1,2,0.5,1,4
867,483,58,95,145,50,105,30,0,1,2,0,2,2,0,0.25,1,1,1,0.5,0.5,2,1,2,1,1
304,330,50,70,100,40,40,30,0.25,1,2,1,1,0.5,4,0,4,0.25,0.5,0.5,0.5,1,0.5,1,1,0.5
316,302,70,43,53,43,53,40,1,1,1,1,0.5,1,0.5,0.5,2,1,2,0.5,1,1,1,1,1,0.5
427,350,55,66,44,44,56,85,1,1,1,1,1,1,2,1,1,1,1,1,1,0,1,1,1,1
589,495,70,135,105,60,105,20,0.5,4,1,1,0.25,0.5,1,0,1,1,0.5,0.5,1,1,0.5,1,0.5,0.5
642,580,79,115,70,125,80,111,1,1,1,1,0.5,2,0.5,1,0,0.5,1,0.5,2,1,1,1,0.5,1
812,530,100,125,90,60,70,85,1,2,0.5,0.5,0.5,2,1,2,0.5,2,1,2,1,1,1,1,1,1
106,455,50,120,53,35,110,87,1,1,1,1,1,1,1,1,1,2,2,0.5,0.5,1,1,0.5,1,2
158,314,50,65,64,44,48,43,1,0.5,0.5,2,2,0.5,1,1,1,1,1,1,1,1,1,1,0.5,1
402,384,77,85,51,55,51,65,1,2,1,1,0.5,1,0.5,1,0.5,2,1,1,2,1,1,1,1,1
457,460,69,69,76,69,86,91,1,0.5,0.5,2,2,0.5,1,1,1,1,1,1,1,1,1,1,0.5,1
811,420,70,85,70,55,60,80,1,2,0.5,0.5,0.5,2,1,2,0.5,2,1,2,1,1,1,1,1,1
236,210,35,35,35,35,35,35,1,1,1,1,1,1,1,1,1,2,2,0.5,0.5,1,1,0.5,1,2
407,515,60,70,65,125,105,90,1,2,0.5,0.5,0.25,2,0.5,1,1,2,2,1,1,1,1,1,1,0.5
547,480,60,67,85,77,75,116,1,2,0.5,0.5,0.5,2,0.5,4,0.5,2,1,1,1,1,0,0.5,2,1
792,680,137,113,89,137,107,97,0,1,1,1,1,1,0,0.5,1,1,0.5,1,1,4,1,4,1,1
838,410,80,60,90,60,70,50,0.5,0.25,4,1,1,0.5,2,0.5,4,0.5,1,0.5,2,1,1,1,1,0.5
266,205,50,35,55,25,25,15,1,2,1,1,0.5,1,0.5,1,0.5,2,1,1,2,1,1,1,1,1
497,528,75,75,95,75,95,113,1,2,0.5,0.5,0.5,2,1,2,0.5,2,1,2,1,1,1,1,1,1
143,540,160,110,65,65,110,30,1,1,1,1,1,1,2,1,1,1,1,1,1,0,1,1,1,1
322,305,60,60,40,65,45,35,1,0.5,4,0,1,1,1,0.5,2,1,1,0.5,1,1,1,1,0.5,0.5
564,355,54,78,103,53,45,22,0.5,0.25,1,1.5,3,0.5,1.5,0.5,1.5,0.5,1,1,1,1,1,1,1,1
567,567,75,140,65,112,65,110,0.5,0.5,2,2,1,2,1,0.5,0,0.5,1,0.5,2,1,1,1,2,1
648,600,100,77,77,128,128,90,1,1,1,1,1,1,1,1,1,1,0.5,2,1,0,1,2,1,1
777,435,65,98,63,40,73,96,0.5,2,1,0.5,0.5,0.5,2,0,4,0.25,0.5,0.5,0.5,1,0.5,1,0.25,0.5
849,502,75,98,70,114,70,75,1,1,1,0.5,0.5,1,0.5,0.5,4,0.5,2,0.5,1,1,1,1,0.5,0.5
18,479,83,80,75,70,70,101,1,1,1,2,0.5,2,1,1,0,1,1,0.5,2,0,1,1,1,1
29,275,55,47,52,40,40,41,1,1,1,1,0.5,1,0.5,0.5,2,1,2,0.5,1,1,1,1,1,0.5
490,600,100,100,100,100,100,100,1,0.5,0.5,2,2,0.5,1,1,1,1,1,1,1,1,1,1,0.5,1
494,600,100,100,100,100,100,100,1,0.5,2,1,0.5,0.5,0.5,1,2,1,0.5,1,2,2,1,2,0.5,0.5
715,535,85,70,80,97,80,123,1,0.5,0.5,1,0.25,4,0.5,1,0,1,1,0.5,2,1,2,1,1,2
864,510,60,95,50,145,130,30,0,1,1,1,1,1,0,0.5,1,1,1,0.5,1,2,1,2,1,1
313,430,65,73,75,47,85,85,1,2,1,1,0.5,1,0.5,1,0.5,2,1,1,2,1,1,1,1,1
336,458,73,100,60,100,60,65,1,1,1,1,0.5,1,0.5,0.5,2,1,2,0.5,1,1,1,1,1,0.5
444,410,68,90,65,50,55,82,1,0.5,1,0,1,4,1,0.5,1,1,1,1,0.5,1,2,1,1,2
465,535,100,100,125,110,50,50,1,2,0.5,0.5,0.5,2,1,2,0.5,2,1,2,1,1,1,1,1,1
562,303,38,30,85,55,65,30,0,1,1,1,1,1,0,0.5,1,1,1,0.5,1,2,1,2,1,1
701,500,78,92,75,74,63,118,1,1,1,2,0.5,2,0.5,1,0,2,2,0.25,1,1,1,0.5,1,2
68,505,90,130,80,65,85,55,1,1,1,1,1,1,1,1,1,2,2,0.5,0.5,1,1,0.5,1,2
212,500,70,130,100,55,80,65,0.5,4,1,1,0.25,0.5,1,0,1,1,0.5,0.5,1,1,0.5,1,0.5,0.5
346,495,86,81,97,81,107,43,0.5,1,1,0.5,1,2,2,1,1,1,1,2,1,1,1,1,2,1
480,580,75,75,130,75,130,95,1,1,1,1,1,1,0.5,1,0,1,0.5,2,1,2,1,2,1,1
757,320,48,44,40,71,40,77,1,0.5,2,1,0.25,0.5,0.5,0.5,4,1,2,0.25,2,1,1,1,0.5,0.25
116,295,30,40,70,70,25,60,1,0.5,0.5,2,2,0.5,1,1,1,1,1,1,1,1,1,1,0.5,1
405,523,80,120,79,95,79,70,1,1,1,0.5,1,1,1,1,2,0.5,1,1,1,1,1,1,0.5,1
509,281,41,50,37,50,37,66,1,1,1,1,1,1,2,1,1,1,0,2,1,0.5,1,0.5,1,2
624,340,45,85,70,40,40,60,0.5,2,1,1,0.5,0.5,4,0,2,0.5,0,1,0.5,0.5,0.5,0.5,0.5,1
781,517,70,131,100,86,90,40,0,2,0.5,0.5,0.5,2,0,1,0.5,2,1,1,1,2,1,2,1,1
152,318,45,49,65,49,65,45,1,2,0.5,0.5,0.5,2,1,2,0.5,2,1,2,1,1,1,1,1,1
186,500,90,75,75,90,100,70,1,0.5,0,2,2,0.5,1,1,1,1,1,1,1,1,1,1,0.5,1
299,375,30,45,135,45,90,30,0.5,0.5,2,1,2,1,2,0.5,2,0.5,1,1,1,1,1,1,2,1
314,430,65,47,75,73,85,85,1,2,1,1,0.5,1,0.5,1,0.5,2,1,1,2,1,1,1,1,1
513,316,50,53,48,53,48,64,1,0.5,2,1,0.5,0.5,1,1,2,1,1,0.5,2,1,1,1,0.5,0.5
780,0,78,60,85,135,91,36,1,0.5,0.5,0.5,0.5,2,2,1,1,1,1,1,1,0,2,1,1,2
134,525,130,65,60,110,95,65,1,0.5,0,2,2,0.5,1,1,1,1,1,1,1,1,1,1,0.5,1
358,455,75,50,80,95,90,65,1,1,1,1,1,1,0.5,1,0,1,0.5,2,1,2,1,2,1,1
538,465,120,100,85,30,85,45,1,1,1,1,1,1,1,1,1,2,2,0.5,0.5,1,1,0.5,1,2
803,420,67,73,67,73,67,73,1,1,1,1,0.5,1,0.5,0.5,2,1,2,0.5,1,1,1,1,1,0.5
806,570,53,127,53,151,79,107,0,0.5,2,1,0.5,0.5,0,0.5,2,1,1,0.25,2,2,1,2,0.5,0.5
149,600,91,134,95,100,100,80,1,0.5,0.5,1,0.25,4,0.5,1,0,1,1,0.5,2,1,2,1,1,2
318,305,45,90,20,65,20,65,1,0.5,0.5,2,2,0.5,2,1,1,1,0,2,1,0.5,1,0.5,0.5,2
391,405,64,78,52,78,52,81,1,0.5,2,1,0.5,0.5,1,1,2,2,2,0.25,1,1,1,0.5,0.5,1
793,570,109,53,47,127,131,103,0.5,0.5,2,1,1,1,1,0.25,4,0.5,2,0.5,1,1,1,1,2,0.5
105,425,60,80,110,50,80,45,1,1,2,0,2,2,1,0.5,1,1,1,1,0.5,1,1,1,1,1
237,455,50,95,95,35,110,70,1,1,1,1,1,1,1,1,1,2,2,0.5,0.5,1,1,0.5,1,2
289,670,150,160,100,95,65,100,1,1,1,1,1,1,2,1,1,1,1,1,1,0,1,1,1,1
550,460,70,92,65,80,55,98,1,0.5,0.5,2,2,0.5,1,1,1,1,1,1,1,1,1,1,0.5,1
646,660,125,130,90,130,90,95,1,1,0.5,0.5,0.5,1,2,1,1,1,1,1,2,1,2,1,2,2
774,440,60,60,100,60,100,60,0.5,0.5,2,2,1,2,1,0.5,0,0.5,1,0.5,2,1,1,1,2,1
8,405,59,63,80,65,80,58,1,0.5,0.5,2,2,0.5,1,1,1,1,1,1,1,1,1,1,0.5,1
561,490,72,58,80,103,80,97,1,1,1,2,0.5,2,0.25,1,0,1,0.5,1,2,2,1,2,1,1
600,440,60,80,95,70,85,50,0.5,2,1,1,0.5,0.5,2,0,2,0.5,0.5,0.5,0.5,1,0.5,1,0.5,0.5
680,448,59,110,150,45,49,35,0,2,1,1,0.5,0.5,0,0,2,0.5,0.5,0.25,0.5,2,0.5,2,0.5,0.5
305,430,60,90,140,50,50,40,0.25,1,2,1,1,0.5,4,0,4,0.25,0.5,0.5,0.5,1,0.5,1,1,0.5
325,330,60,25,35,70,80,60,1,0.5,1,1,1,0.5,0.5,1,1,1,0.5,2,1,2,1,2,1,1
551,292,50,72,35,35,35,65,1,1,2,0,2,2,2,0.5,1,1,0,2,0.5,0.5,1,0.5,1,2
818,530,70,85,65,125,65,120,1,0.5,0.5,2,2,0.5,1,1,1,1,1,1,1,1,1,1,0.5,1
22,442,65,90,65,61,61,100,1,1,1,2,0.5,2,1,1,0,1,1,0.5,2,0,1,1,1,1
342,468,63,120,85,90,55,55,1,0.5,0.5,2,2,0.5,2,1,1,1,0,2,1,0.5,1,0.5,0.5,2
454,490,83,106,65,86,65,85,1,1,1,1,0.5,1,0.5,0.5,2,2,4,0.25,0.5,1,1,0.5,1,1
472,510,75,95,125,45,75,95,1,1,2,0,1,4,0.5,0.5,0,1,1,0.5,1,1,1,1,1,1
681,520,60,150,50,150,50,60,0,2,1,1,0.5,0.5,0,0,2,0.5,0.5,0.25,0.5,2,0.5,2,0.5,0.5
769,320,55,55,80,70,45,15,0,1,2,0,2,2,0,0.25,1,1,1,0.5,0.5,2,1,2,1,1
859,265,45,45,30,55,40,50,1,1,1,1,1,1,1,2,1,1,0,1,1,0.5,0,0.25,2,2
64,400,40,35,30,120,70,105,1,1,1,1,1,1,0.5,1,1,1,0.5,2,1,2,1,2,1,1
94,500,60,65,60,130,75,110,0,1,1,1,0.5,1,0,0.25,2,1,2,0.25,1,2,1,2,1,0.5
142,515,80,105,65,60,75,130,0.5,0.5,2,2,1,2,1,0.5,0,0.5,1,0.5,2,1,1,1,2,1
516,498,75,98,63,98,63,101,1,0.5,0.5,2,2,0.5,1,1,1,1,1,1,1,1,1,1,0.5,1
571,510,60,105,60,120,60,105,1,1,1,1,1,1,2,1,1,1,0,2,1,0.5,1,0.5,1,2
588,315,50,75,45,40,45,60,1,2,1,1,0.5,1,0.5,1,0.5,2,1,1,2,1,1,1,1,1
668,507,86,68,72,109,66,106,1,0.5,2,1,0.5,0.5,2,1,2,1,1,0.5,2,0,1,1,0.5,0.5
1,318,null,49,49,65,65,45,1,2,0.5,0.5,0.25,2,0.5,1,1,2,2,1,1,1,1,1,1,0.5
59,555,90,110,80,100,80,95,1,0.5,2,1,0.5,0.5,1,1,2,1,1,0.5,2,1,1,1,0.5,0.5
357,460,99,68,83,72,87,51,1,2,0.5,1,0.25,4,0.5,2,0,2,1,1,2,1,1,1,1,1
463,515,110,85,95,80,95,50,1,1,1,1,1,1,2,1,1,1,1,1,1,0,1,1,1,1
750,500,100,125,100,55,85,35,1,1,2,0,2,2,1,0.5,1,1,1,1,0.5,1,1,1,1,1
766,490,100,120,90,40,60,80,1,1,1,1,1,1,1,1,1,2,2,0.5,0.5,1,1,0.5,1,2
72,335,40,40,35,50,100,70,1,0.5,0.5,2,1,0.5,0.5,0.5,2,1,2,0.5,1,1,1,1,0.5,0.5
599,300,40,55,70,45,60,30,0.5,2,1,1,0.5,0.5,2,0,2,0.5,0.5,0.5,0.5,1,0.5,1,0.5,0.5
14,205,45,25,50,25,25,35,1,2,1,1,0.25,1,0.25,0.5,1,2,2,0.5,2,1,1,1,1,0.5
57,455,65,105,60,60,70,95,1,1,1,1,1,1,1,1,1,2,2,0.5,0.5,1,1,0.5,1,2
77,410,50,85,55,65,65,90,1,0.5,2,1,0.5,0.5,1,1,2,1,1,0.5,2,1,1,1,0.5,0.5
127,500,65,125,100,55,70,85,1,2,1,1,0.5,1,0.5,1,0.5,2,1,1,2,1,1,1,1,1
485,600,91,90,106,130,106,77,0.5,0,2,1,0.25,0.25,2,0,4,0.5,0.5,0.25,1,1,0.5,1,0.25,0.25
713,514,95,117,184,44,46,28,1,2,1,1,1,0.5,2,1,1,1,1,1,2,1,1,1,2,1
776,485,60,78,135,91,85,36,1,0.25,1,0.5,0.25,1,1,1,2,1,1,0.5,2,1,2,1,0.5,1
211,440,65,95,85,55,55,85,1,0.5,0.5,2,1,0.5,0.5,0.5,2,1,2,0.5,1,1,1,1,0.5,0.5
295,490,104,91,63,91,73,68,1,1,1,1,1,1,2,1,1,1,1,1,1,0,1,1,1,1
397,340,55,75,50,40,40,80,1,1,1,2,0.5,2,1,1,0,1,1,0.5,2,0,1,1,1,1
409,495,97,165,60,65,50,58,0.5,0.5,2,1,2,1,2,0.5,2,0.5,1,1,1,1,1,1,2,1
514,498,75,98,63,98,63,101,1,0.5,2,1,0.5,0.5,1,1,2,1,1,0.5,2,1,1,1,0.5,0.5
763,510,72,120,98,50,98,72,1,2,0.5,0.5,0.5,2,1,2,0.5,2,1,2,1,1,1,1,1,1
768,530,75,125,140,60,90,40,1,1,0.5,2,1,0.5,0.5,1,0.5,2,1,1,2,1,1,1,0.5,1
384,680,105,150,90,150,90,95,1,0.5,0.5,1,0.25,4,0.5,1,0,1,1,0.5,2,1,2,1,1,2
420,275,45,35,45,62,53,35,1,2,0.5,0.5,0.5,2,1,2,0.5,2,1,2,1,1,1,1,1,1
10,195,45,30,35,20,20,45,1,2,1,1,0.5,1,0.5,1,0.5,2,1,1,2,1,1,1,1,1
546,280,40,27,60,37,50,66,1,2,0.5,0.5,0.5,2,0.5,4,0.5,2,1,1,1,1,0,0.5,2,1
563,483,58,50,145,95,105,30,0,1,1,1,1,1,0,0.5,1,1,1,0.5,1,2,1,2,1,1
603,405,65,85,70,75,70,40,1,1,1,0.5,1,1,1,1,0,0.5,1,1,1,1,1,1,0.5,1
63,310,25,20,15,105,55,90,1,1,1,1,1,1,0.5,1,1,1,0.5,2,1,2,1,2,1,1
165,265,40,20,30,40,80,55,1,2,1,2,0.25,2,0.25,1,0,2,1,0.5,4,1,1,1,1,1
371,300,45,75,60,40,30,50,1,0.5,0.5,0.5,0.5,2,1,1,1,1,1,1,1,1,2,1,1,2
386,600,50,150,50,150,50,150,1,1,1,1,1,1,0.5,1,1,1,0.5,2,1,2,1,2,1,1
552,351,60,82,45,45,45,74,1,1,2,0,2,2,2,0.5,1,1,0,2,0.5,0.5,1,0.5,1,2
705,452,68,75,53,83,113,60,1,0.5,0.5,0.5,0,2,1,1,1,1,1,1,1,1,2,1,1,2
431,310,49,55,42,42,37,85,1,1,1,1,1,1,2,1,1,1,1,1,1,0,1,1,1,1
255,310,45,60,40,70,50,45,1,0.5,2,1,0.5,0.5,1,1,2,1,1,0.5,2,1,1,1,0.5,0.5
698,362,77,59,50,67,63,46,0.5,1,2,1,2,0.5,4,0.5,2,0.5,1,1,2,1,1,1,4,1
275,480,90,100,60,90,60,80,1,2,0.5,0.5,0.5,2,2,2,0.5,2,0,4,1,0.5,1,0.5,1,2
395,530,84,86,88,111,101,60,0.5,1,0.5,2,1,0.25,2,0,2,0.5,0.5,0.5,0.5,1,0.5,1,0.25,0.5
222,410,65,55,95,65,95,35,0.5,0.25,1,2,4,0.5,2,0.5,2,0.5,1,1,1,1,1,1,1,1
253,405,50,65,45,85,65,95,1,2,0.5,0.5,0.5,2,1,2,0.5,2,1,2,1,1,1,1,1,1
362,480,80,80,80,80,80,80,1,2,1,1,1,0.5,2,1,1,1,1,1,2,1,1,1,2,1
172,205,20,40,15,35,35,60,1,1,1,0.5,1,1,1,1,2,0.5,1,1,1,1,1,1,0.5,1
575,390,60,45,70,75,85,55,1,1,1,1,1,1,0.5,1,1,1,0.5,2,1,2,1,2,1,1
732,355,55,85,50,40,50,75,1,1,1,2,0.5,2,1,1,0,1,1,0.5,2,0,1,1,1,1
181,510,90,75,85,115,90,55,1,1,1,0.5,1,1,1,1,2,0.5,1,1,1,1,1,1,0.5,1
306,530,70,110,180,60,60,50,0.25,1,2,1,1,0.5,4,0,4,0.25,0.5,0.5,0.5,1,0.5,1,1,0.5
607,275,50,30,55,65,55,20,0,0,2,1,0.5,0.5,0,0.5,2,1,1,0.25,2,2,1,2,0.5,0.5
225,330,45,55,45,65,45,75,1,2,1,2,0.5,1,1,1,0,1,1,0.5,4,1,1,1,2,1
235,250,55,20,35,20,45,75,1,1,1,1,1,1,2,1,1,1,1,1,1,0,1,1,1,1
312,405,60,40,50,75,85,95,1,1,1,0.5,1,1,1,1,2,0.5,1,1,1,1,1,1,0.5,1
752,454,68,70,92,50,132,42,1,0.5,0.5,2,1,0.5,0.5,1,0.5,2,1,1,2,1,1,1,0.5,1
265,195,45,45,35,20,30,20,1,2,1,1,0.5,1,0.5,1,0.5,2,1,1,2,1,1,1,1,1
331,335,50,85,40,85,40,35,1,2,0.5,0.5,0.5,2,1,2,0.5,2,1,2,1,1,1,1,1,1
498,308,65,63,45,45,45,45,1,0.5,2,1,0.5,0.5,1,1,2,1,1,0.5,2,1,1,1,0.5,0.5
580,305,62,44,50,44,50,55,1,0.5,0.5,4,1,1,0.5,1,0,1,1,0.5,2,1,1,1,0.5,1
762,290,52,40,48,40,48,62,1,2,0.5,0.5,0.5,2,1,2,0.5,2,1,2,1,1,1,1,1,1
39,270,115,45,20,45,25,20,1,1,1,1,1,1,1,2,1,1,1,0.5,1,0,0,0.5,2,1
121,520,60,75,85,100,85,115,1,0.5,0.5,2,2,0.5,0.5,1,1,1,0.5,2,1,2,1,2,0.5,1
641,580,79,115,70,125,80,111,1,1,1,2,0.5,2,0.5,1,0,1,1,0.5,2,1,1,1,1,1
23,288,35,60,44,40,54,55,1,1,1,1,0.5,1,0.5,0.5,2,1,2,0.5,1,1,1,1,1,0.5
252,310,40,45,35,65,55,70,1,2,0.5,0.5,0.5,2,1,2,0.5,2,1,2,1,1,1,1,1,1
426,498,150,80,44,90,54,80,0,1,1,2,0.5,2,0,0.5,0,1,1,0.25,2,2,1,2,1,1
689,500,72,105,115,54,86,68,0.5,0.25,1,2,4,0.5,2,0.5,2,0.5,1,1,1,1,1,1,1,1
746,175,45,20,20,25,25,40,1,0.5,0.5,2,2,0.5,1,1,1,1,1,1,1,1,1,1,0.5,1
795,570,71,137,37,137,37,151,1,2,1,1,0.5,1,0.5,1,0.5,4,2,0.5,1,1,1,0.5,1,2
855,508,60,65,65,134,114,70,0,1,1,1,1,1,0,0.5,1,1,1,0.5,1,2,1,2,1,1
882,505,90,90,100,70,80,75,1,0.25,0,1,1,1,1,1,1,1,1,1,1,1,2,1,0.5,2
210,450,90,120,75,60,60,45,1,1,1,1,1,1,0.5,2,1,1,1,0.5,1,1,0,0.5,2,1
315,400,50,60,45,100,80,65,1,2,0.5,0.5,0.25,2,0.5,1,1,2,2,1,1,1,1,1,1,0.5
411,495,60,52,168,47,138,30,0.25,1,2,1,1,0.5,4,0,4,0.25,0.5,0.5,0.5,1,0.5,1,1,0.5
510,446,64,88,50,88,50,106,1,1,1,1,1,1,2,1,1,1,0,2,1,0.5,1,0.5,1,2
784,600,75,110,125,100,105,85,1,0.5,0.5,0.5,0.5,2,1,1,1,2,2,0.5,0.5,1,2,0.5,1,4
871,435,48,101,95,91,85,15,1,1,1,0,1,1,1,1,2,0.5,1,1,1,1,1,1,0.5,1
36,483,95,70,73,95,90,60,1,1,1,1,1,1,0.5,2,1,1,1,0.5,1,1,0,0.5,2,1
56,305,40,80,35,35,45,70,1,1,1,1,1,1,1,1,1,2,2,0.5,0.5,1,1,0.5,1,2
400,410,79,85,60,55,60,71,1,0.5,0.5,2,2,0.5,2,1,1,1,1,1,1,0,1,1,0.5,1
704,300,45,50,35,55,75,40,1,0.5,0.5,0.5,0,2,1,1,1,1,1,1,1,1,2,1,1,2
734,253,48,70,30,30,30,45,1,1,1,1,1,1,2,1,1,1,1,1,1,0,1,1,1,1
775,480,65,115,65,75,95,65,1,1,1,1,1,1,2,1,1,1,1,1,1,0,1,1,1,1
883,505,90,90,100,80,90,55,1,1,0,2,2,0.25,2,1,1,1,1,1,2,1,1,1,1,1
4,309,39,52,43,60,50,65,1,0.5,2,1,0.5,0.5,1,1,2,1,1,0.5,2,1,1,1,0.5,0.5
95,385,35,45,160,30,45,70,0.5,0.5,4,0,4,2,2,0.25,2,0.5,1,1,0.5,1,1,1,2,1
339,288,50,48,43,46,41,60,1,0.5,1,0,4,1,1,0.5,1,1,1,1,0.5,1,1,1,0.5,1
473,530,110,130,80,70,60,80,1,2,2,0,2,1,2,0.5,1,1,1,1,1,1,1,1,2,1
618,471,109,66,84,81,99,32,1,1,2,0,2,2,1,0.5,2,0.5,1,1,0.5,1,1,1,0.5,1
630,510,110,65,105,55,95,80,1,1,1,2,0.5,2,1,1,0,1,0,1,2,0.5,1,0.5,1,2
720,600,80,110,60,150,130,70,0,1,1,1,1,1,0,0.5,1,1,0.5,1,1,4,1,4,1,1
50,265,10,55,25,35,45,95,1,1,2,0,2,2,1,0.5,1,1,1,1,0.5,1,1,1,1,1
417,405,60,45,70,45,90,95,1,1,1,0.5,1,1,1,1,2,0.5,1,1,1,1,1,1,0.5,1
557,325,50,65,85,35,35,55,0.5,1,2,1,1,1,1,0.5,1,1,1,1,2,1,1,1,2,1
696,362,58,89,77,45,45,48,0.5,0.25,1,0.5,1,2,2,0.5,2,0.5,1,1,1,1,2,1,2,2
844,510,72,107,125,65,70,71,1,1,2,0,2,2,1,0.5,1,1,1,1,0.5,1,1,1,1,1
333,310,45,40,60,40,75,50,1,1,1,2,0.5,2,1,1,0,1,1,0.5,2,0,1,1,1,1
518,487,116,55,85,107,95,29,1,1,1,1,1,1,0.5,1,1,1,0.5,2,1,2,1,2,1,1
721,600,80,110,120,130,90,70,1,0.25,0,2,1,0.25,1,1,2,1,1,0.5,2,1,1,1,0.25,0.5
735,418,88,110,60,55,60,45,1,1,1,1,1,1,2,1,1,1,1,1,1,0,1,1,1,1
764,485,51,52,90,82,110,100,1,1,1,1,1,1,0.5,2,1,1,1,0.5,1,1,0,0.5,2,1
875,470,75,80,110,65,90,50,1,2,1,1,1,0.5,2,1,1,1,1,1,2,1,1,1,2,1
887,600,88,120,75,100,75,142,0,0.5,0.5,0.5,0.5,2,0,0.5,1,1,1,0.5,1,2,2,2,1,2
79,315,90,65,65,40,40,15,1,0.5,0.5,2,2,0.5,0.5,1,1,1,0.5,2,1,2,1,2,0.5,1
109,340,40,65,95,60,45,35,1,1,1,1,0.5,1,0.5,0.5,0,1,2,0.5,1,1,1,1,1,0.5
123,500,70,110,80,55,80,105,1,2,1,2,0.25,2,0.25,1,0,2,1,0.5,4,1,1,1,1,1
215,430,55,95,55,35,75,115,1,2,1,1,1,0.5,4,1,1,1,0,2,2,0.5,1,0.5,2,2
396,245,40,55,30,30,30,60,1,1,1,2,0.5,2,1,1,0,1,1,0.5,2,0,1,1,1,1
41,245,40,45,35,30,40,55,1,1,1,2,0.25,2,0.25,0.5,0,1,2,0.25,2,1,1,1,1,0.5
587,428,55,75,60,75,60,103,1,1,1,1,0.5,2,0.5,1,0,0.5,1,0.5,2,1,1,1,0.5,1
690,320,50,60,60,60,60,30,1,0.5,0.5,2,1,0.5,0.5,0.5,2,1,2,0.5,1,1,1,1,0.5,0.5
249,680,106,90,130,90,154,110,1,1,1,2,0.5,2,0.25,1,0,1,0.5,1,2,2,1,2,1,1
445,600,108,130,95,80,85,102,1,0.5,1,0,1,4,1,0.5,1,1,1,1,0.5,1,2,1,1,2
602,275,35,55,40,45,40,60,1,1,1,0.5,1,1,1,1,0,0.5,1,1,1,1,1,1,0.5,1
676,472,75,80,60,65,90,102,1,1,1,1,1,1,2,1,1,1,1,1,1,0,1,1,1,1
706,600,90,100,70,110,150,80,1,0.5,0.5,0.5,0,2,1,1,1,1,1,1,1,1,2,1,1,2
810,310,50,65,50,40,40,65,1,2,0.5,0.5,0.5,2,1,2,0.5,2,1,2,1,1,1,1,1,1
83,377,52,90,55,58,62,60,1,1,1,2,0.5,2,1,1,0,1,1,0.5,2,0,1,1,1,1
157,534,78,84,78,109,85,100,1,0.5,2,1,0.5,0.5,1,1,2,1,1,0.5,2,1,1,1,0.5,0.5
191,180,30,30,30,30,30,30,1,2,0.5,0.5,0.5,2,1,2,0.5,2,1,2,1,1,1,1,1,1
260,535,100,110,90,85,90,60,1,0.5,1,0,4,1,1,0.5,1,1,1,1,0.5,1,1,1,0.5,1
182,490,75,80,95,90,100,50,1,2,0.5,0.5,0.5,2,1,2,0.5,2,1,2,1,1,1,1,1,1
831,270,42,40,55,40,45,48,1,2,1,1,1,1,2,1,1,1,1,1,1,0,1,1,1,1
264,420,78,70,61,50,61,100,1,1,1,1,1,1,2,1,1,1,1,1,1,0,1,1,1,1
508,500,85,110,90,45,90,80,1,1,1,1,1,1,2,1,1,1,1,1,1,0,1,1,1,1
651,405,61,78,95,56,58,57,1,2,0.5,0.5,0.5,2,1,2,0.5,2,1,2,1,1,1,1,1,1
662,382,62,73,55,56,52,84,1,0.5,2,2,0.25,1,0.5,1,0,1,1,0.25,4,1,1,1,0.5,0.5
846,280,41,63,40,40,30,66,1,0.5,0.5,2,2,0.5,1,1,1,1,1,1,1,1,1,1,0.5,1
80,490,95,75,110,100,80,30,1,0.5,0.5,2,2,0.5,0.5,1,1,1,0.5,2,1,2,1,2,0.5,1
175,245,35,20,65,40,65,20,1,1,1,1,1,1,0.5,2,1,1,1,0.5,1,1,0,0.5,2,1
760,500,120,125,80,55,60,60,1,2,1,1,1,1,2,1,1,2,2,0.5,0.5,0,1,0.5,1,2
771,410,55,60,130,30,130,5,1,0.5,0.5,2,2,0.5,1,1,1,1,1,1,1,1,1,1,0.5,1
17,349,63,60,55,50,50,71,1,1,1,2,0.5,2,1,1,0,1,1,0.5,2,0,1,1,1,1
137,395,65,60,70,85,75,40,1,1,1,1,1,1,2,1,1,1,1,1,1,0,1,1,1,1
469,515,86,76,86,116,56,95,1,2,1,2,0.25,2,0.25,1,0,2,1,0.5,4,1,1,1,1,1
583,395,51,65,65,80,75,59,1,2,1,1,1,0.5,2,1,1,1,1,1,2,1,1,1,2,1
767,230,25,35,40,20,30,80,1,1,0.5,2,1,0.5,0.5,1,0.5,2,1,1,2,1,1,1,0.5,1
161,215,35,46,34,35,45,20,1,1,1,1,1,1,2,1,1,1,1,1,1,0,1,1,1,1
392,534,76,104,71,104,71,108,1,0.5,2,1,0.5,0.5,1,1,2,2,2,0.25,1,1,1,0.5,0.5,1
637,550,85,60,65,135,105,100,1,1,2,1,0.25,0.5,0.5,1,1,2,1,0.5,4,1,1,1,0.5,0.5
677,355,62,48,54,63,60,68,1,1,1,1,1,1,0.5,1,1,1,0.5,2,1,2,1,2,1,1
758,480,68,64,60,111,60,117,1,0.5,2,1,0.25,0.5,0.5,0.5,4,1,2,0.25,2,1,1,1,0.5,0.25
884,535,70,95,115,120,50,85,0.5,1,0.5,0.5,0.25,1,2,0,2,0.5,0.5,0.5,0.5,1,1,1,0.5,1
151,600,100,100,100,100,100,100,1,1,1,1,1,1,0.5,1,1,1,0.5,2,1,2,1,2,1,1
355,295,20,40,90,30,90,25,0,1,1,1,1,1,0,0.5,0,1,1,0.5,1,2,1,2,1,1
489,480,80,80,80,80,80,80,1,0.5,0.5,2,2,0.5,1,1,1,1,1,1,1,1,1,1,0.5,1
661,278,45,50,43,40,38,62,1,1,1,2,0.5,2,1,1,0,1,1,0.5,2,0,1,1,1,1
82,465,50,60,95,120,70,70,0.5,2,1,0.5,0.5,0.5,2,0,4,0.25,0.5,0.5,0.5,1,0.5,1,0.25,0.5
321,500,170,90,45,90,45,60,1,0.5,0.5,2,2,0.5,1,1,1,1,1,1,1,1,1,1,0.5,1
367,485,55,104,105,94,75,52,1,0.5,0.5,2,2,0.5,1,1,1,1,1,1,1,1,1,1,0.5,1
487,680,150,100,120,100,120,90,0,0.5,0.5,0.5,0.5,2,0,0.5,1,1,1,0.5,1,2,2,2,1,2
353,295,44,75,35,63,33,45,0,1,1,1,1,1,0,0.5,1,1,1,0.5,1,2,1,2,1,1
598,489,74,94,131,54,116,20,0.5,4,0.5,0.5,0.25,1,2,0,1,1,0.5,1,0.5,1,0.5,1,0.5,0.5
791,680,137,137,107,113,89,97,0.5,2,1,1,0.5,0.5,1,0,2,0.5,0.25,1,0.5,2,0.5,2,0.5,0.5
809,600,135,143,143,80,65,34,0.5,2,1,1,0.5,0.5,2,0,2,0.5,0.5,0.5,0.5,1,0.5,1,0.5,0.5
7,314,44,48,65,50,64,43,1,0.5,0.5,2,2,0.5,1,1,1,1,1,1,1,1,1,1,0.5,1
26,485,60,90,55,90,80,110,1,1,1,0.5,1,1,1,1,2,0.5,1,1,1,1,1,1,0.5,1
262,420,70,90,70,60,60,70,1,1,1,1,1,1,2,1,1,1,0,2,1,0.5,1,0.5,1,2
499,418,90,93,55,70,55,55,1,0.5,2,1,0.5,0.5,1,1,2,2,2,0.25,1,1,1,0.5,0.5,1
129,200,20,10,55,15,20,80,1,0.5,0.5,2,2,0.5,1,1,1,1,1,1,1,1,1,1,0.5,1
368,485,55,84,105,114,75,52,1,0.5,0.5,2,2,0.5,1,1,1,1,1,1,1,1,1,1,0.5,1
579,490,110,65,75,125,85,30,1,1,1,1,1,1,0.5,1,1,1,0.5,2,1,2,1,2,1,1
21,262,40,60,30,31,31,70,1,1,1,2,0.5,2,1,1,0,1,1,0.5,2,0,1,1,1,1
378,580,80,50,100,100,200,50,1,2,1,1,1,0.5,2,1,1,1,1,1,2,1,1,1,2,1
529,328,60,85,40,30,45,68,1,1,2,0,2,2,1,0.5,1,1,1,1,0.5,1,1,1,1,1
608,370,60,40,60,95,60,55,0,0,2,1,0.5,0.5,0,0.5,2,1,1,0.25,2,2,1,2,0.5,0.5
674,348,67,82,62,46,48,43,1,1,1,1,1,1,1,1,1,2,2,0.5,0.5,1,1,0.5,1,2
43,320,45,50,55,75,65,30,1,2,0.5,0.5,0.25,2,0.5,1,1,2,2,1,1,1,1,1,1,0.5
196,525,65,65,60,130,95,110,1,1,1,1,1,1,0.5,1,1,1,0.5,2,1,2,1,2,1,1
278,270,40,30,30,55,30,85,1,0.5,0.5,4,1,1,0.5,1,0,1,1,0.5,2,1,1,1,0.5,1
337,460,90,55,65,95,85,70,0.5,0.5,2,1,2,1,1,0.5,0,0.5,0.5,2,1,2,1,2,2,1
460,494,90,92,75,92,85,60,1,4,0.5,0.5,0.5,1,2,2,0.5,2,1,2,2,1,1,1,2,1
254,530,70,85,65,105,85,120,1,2,0.5,0.5,0.5,2,1,2,0.5,2,1,2,1,1,1,1,1,1
370,330,43,30,55,40,65,97,1,0.5,0.5,2,2,0.5,1,1,1,1,1,1,1,1,1,1,0.5,1
765,490,90,60,80,90,110,60,1,1,1,1,1,1,1,1,1,1,0.5,2,1,0,1,2,1,1
828,455,70,58,58,87,92,90,1,1,1,1,1,1,2,1,1,1,0,2,1,0.5,1,0.5,1,2
85,470,60,110,70,60,60,110,1,1,1,2,0.5,2,1,1,0,1,1,0.5,2,0,1,1,1,1
192,425,75,75,55,105,85,30,1,2,0.5,0.5,0.5,2,1,2,0.5,2,1,2,1,1,1,1,1,1
311,405,60,50,40,85,75,95,1,1,1,0.5,1,1,1,1,2,0.5,1,1,1,1,1,1,0.5,1
435,479,103,93,67,71,61,84,1,1,1,1,0.5,1,1,0.5,2,1,0,1,1,0.5,1,0.5,1,1
590,294,69,55,45,55,55,15,1,2,0.5,0.5,0.25,2,0.5,1,1,2,2,1,1,1,1,1,1,0.5
655,534,75,69,72,114,100,104,1,0.5,2,1,0.5,0.5,0.5,1,2,1,0.5,1,2,2,1,2,0.5,0.5
664,200,38,35,40,27,25,35,1,2,1,1,0.5,1,0.5,1,0.5,2,1,1,2,1,1,1,1,1
848,242,40,38,35,54,35,40,1,1,1,0.5,0.5,1,0.5,0.5,4,0.5,2,0.5,1,1,1,1,0.5,0.5
226,485,85,40,70,80,140,70,1,0.5,0.5,4,1,1,0.5,1,0,1,1,0.5,2,1,1,1,0.5,1
324,470,70,85,140,85,70,20,1,0.5,2,1,0.5,0.5,1,1,2,1,1,0.5,2,1,1,1,0.5,0.5
340,468,110,78,73,76,71,60,1,0.5,1,0,4,1,1,0.5,1,1,1,1,0.5,1,1,1,0.5,1
504,255,45,55,39,35,39,42,1,1,1,1,1,1,2,1,1,1,1,1,1,0,1,1,1,1
569,474,80,95,82,60,82,75,1,1,1,1,0.5,1,0.5,0.5,2,1,2,0.5,1,1,1,1,1,0.5
693,500,71,73,88,120,89,59,1,0.5,0.5,2,2,0.5,1,1,1,1,1,1,1,1,1,1,0.5,1
814,420,65,86,60,55,60,94,1,0.5,2,1,0.5,0.5,1,1,2,1,1,0.5,2,1,1,1,0.5,0.5
817,420,65,60,55,95,55,90,1,0.5,0.5,2,2,0.5,1,1,1,1,1,1,1,1,1,1,0.5,1
301,400,70,65,65,55,55,90,1,1,1,1,1,1,2,1,1,1,1,1,1,0,1,1,1,1
611,410,66,117,70,40,50,67,1,0.5,0.5,0.5,0.5,2,1,1,1,1,1,1,1,1,2,1,1,2
707,470,57,80,91,80,87,75,0.5,2,1,1,0.5,0.5,1,0,2,0.5,0.5,0.25,0.5,1,0,0.5,1,0.5
717,680,126,131,95,131,98,99,1,1,1,2,0.5,2,1,1,0,1,0,1,2,0.5,1,0.5,1,2
847,490,61,123,60,60,50,136,1,0.5,0.5,2,2,0.5,1,1,1,1,1,1,1,1,1,1,0.5,1
54,320,50,52,48,65,50,55,1,0.5,0.5,2,2,0.5,1,1,1,1,1,1,1,1,1,1,0.5,1
532,305,75,80,55,25,35,35,1,1,1,1,1,1,1,1,1,2,2,0.5,0.5,1,1,0.5,1,2
872,185,30,25,35,45,30,20,1,4,1,1,0.5,0.5,1,1,0.5,2,1,1,4,1,1,1,2,1
145,580,90,90,85,125,90,100,1,1,1,1,0.5,2,0.5,1,0,0.5,1,0.5,2,1,1,1,0.5,1
330,520,80,100,80,80,80,100,1,0.5,1,0,1,4,1,0.5,0,1,1,1,0.5,1,2,1,1,2
99,475,55,130,115,50,50,75,1,0.5,0.5,2,2,0.5,1,1,1,1,1,1,1,1,1,1,0.5,1
332,475,70,115,60,115,60,55,1,2,0.5,0.5,0.5,2,2,2,0.5,2,0,4,1,0.5,1,0.5,1,2
542,500,75,103,80,70,80,92,1,4,0.5,0.5,0.25,2,0.5,2,0.25,4,1,2,2,1,1,1,1,1
553,519,95,117,80,65,70,92,1,1,2,0,2,2,2,0.5,1,1,0,2,0.5,0.5,1,0.5,1,2
861,510,95,120,65,95,75,60,1,1,1,1,1,1,1,2,1,1,0,1,1,0.5,0,0.25,2,2
2,405,60,62,63,80,80,60,1,2,0.5,0.5,0.25,2,0.5,1,1,2,2,1,1,1,1,1,1,0.5
216,330,60,80,50,50,50,40,1,1,1,1,1,1,2,1,1,1,1,1,1,0,1,1,1,1
522,295,45,60,32,50,32,76,1,1,1,0,1,1,1,1,2,0.5,1,1,1,1,1,1,0.5,1
572,300,55,50,40,40,40,75,1,1,1,1,1,1,2,1,1,1,1,1,1,0,1,1,1,1
820,460,120,95,95,55,75,20,1,1,1,1,1,1,2,1,1,1,1,1,1,0,1,1,1,1
881,505,90,100,90,90,80,55,1,2,1,0,1,0.5,2,1,2,0.5,1,1,2,1,1,1,1,1
78,500,null,100,70,80,80,105,1,0.5,2,1,0.5,0.5,1,1,2,1,1,0.5,2,1,1,1,0.5,0.5
84,310,35,85,45,35,35,75,1,1,1,2,0.5,2,1,1,0,1,1,0.5,2,0,1,1,1,1
119,450,80,92,65,65,80,68,1,0.5,0.5,2,2,0.5,1,1,1,1,1,1,1,1,1,1,0.5,1
74,300,40,80,100,30,30,20,0.5,0.5,4,0,4,2,2,0.25,2,0.5,1,1,0.5,1,1,1,2,1
91,525,50,95,180,85,45,70,1,1,0.5,2,2,0.25,2,1,1,1,1,1,2,1,1,1,1,1
438,290,50,80,95,10,45,10,0.5,0.5,2,1,2,1,2,0.5,2,0.5,1,1,1,1,1,1,2,1
699,521,123,77,72,99,92,58,0.5,1,2,1,2,0.5,4,0.5,2,0.5,1,1,2,1,1,1,4,1
